Date,0
2016-01-04,98.44214916320423
2016-01-05,98.65401098175137
2016-01-06,97.11977653878185
2016-01-07,94.78350508011809
2016-01-08,93.71674244793326
2016-01-11,93.51857273165288
2016-01-12,94.10874429112673
2016-01-13,91.687756773402
2016-01-14,92.93714284403394
2016-01-15,91.216474896051
2016-01-19,91.07403013953676
2016-01-20,90.14799434198608
2016-01-21,90.58744222274993
2016-01-22,92.5347185067849
2016-01-25,90.95915739337381
2016-01-26,92.53264643769938
2016-01-27,91.70371930479746
2016-01-28,91.83162740171448
2016-01-29,94.45925853407697
2016-02-01,94.58808827873334
2016-02-02,92.58141283967078
2016-02-03,93.26186529568092
2016-02-04,93.78545400683042
2016-02-05,91.9083671402325
2016-02-08,89.89227731417138
2016-02-09,89.82398938299944
2016-02-10,90.10324337232497
2016-02-11,88.7378945083301
2016-02-12,90.60381280119474
2016-02-16,92.60468464357169
2016-02-17,94.21797742296309
2016-02-18,93.98875536599478
2016-02-19,94.01427196857315
2016-02-22,95.51091013696744
2016-02-23,94.54525469401774
2016-02-24,95.13589807787423
2016-02-25,96.24657794806916
2016-02-26,96.36937727425838
2016-02-29,95.85530645026907
2016-03-01,98.06328020127857
2016-03-02,98.66306888745055
2016-03-03,99.34005628303936
2016-03-04,99.77457876997921
2016-03-07,100.15604771828555
2016-03-08,98.69108228817129
2016-03-09,99.13922510389548
2016-03-10,99.23791436134297
2016-03-11,101.18838280067293
2016-03-14,101.02616319921536
2016-03-15,100.45794960688814
2016-03-16,101.38529699233212
2016-03-17,102.33217023482044
2016-03-18,102.92267407531031
2016-03-21,102.84821652364656
2016-03-22,102.88641495033744
2016-03-23,101.88999826184948
2016-03-24,101.80486305620174
2016-03-28,101.9661976499572
2016-03-29,103.22417008959188
2016-03-30,103.57461413162542
2016-03-31,103.63307717531252
2016-04-01,104.1773183871225
2016-04-04,103.59427468082822
2016-04-05,102.51547156981093
2016-04-06,103.5730417267545
2016-04-07,102.38267337186191
2016-04-08,102.79711481258225
2016-04-11,102.57775204676935
2016-04-12,103.42631658945277
2016-04-13,104.75005896750535
2016-04-14,104.50875569508402
2016-04-15,104.55150803853748
2016-04-18,105.17635401118068
2016-04-19,105.55316790218352
2016-04-20,105.59604974419355
2016-04-21,104.9742934415778
2016-04-22,105.53304105951085
2016-04-25,105.15066726463415
2016-04-26,105.82460785350325
2016-04-27,106.4111132094391
2016-04-28,105.19786236023148
2016-04-29,104.54644720694657
2016-05-02,105.46191179105683
2016-05-03,104.34916724773441
2016-05-04,103.79319561927754
2016-05-05,103.86475327902332
2016-05-06,104.27288719304175
2016-05-09,104.36559410834667
2016-05-10,105.60453165613373
2016-05-11,104.72483977497762
2016-05-12,104.63325195812432
2016-05-13,103.84179442809884
2016-05-16,104.87646091204712
2016-05-17,103.99398671439306
2016-05-18,103.97844244606786
2016-05-19,103.6498464440442
2016-05-20,104.59003676020258
2016-05-23,104.46880679834192
2016-05-24,106.00492501063667
2016-05-25,106.55235538805795
2016-05-26,106.59644453525709
2016-05-27,107.22950481016301
2016-05-31,107.29495230886528
2016-06-01,107.61011167341947
2016-06-02,108.07599428571154
2016-06-03,107.79477897421945
2016-06-06,108.35832786100607
2016-06-07,108.58841315131782
2016-06-08,109.0129880489044
2016-06-09,108.7381357074521
2016-06-10,107.40027010838146
2016-06-13,106.52675054511343
2016-06-14,106.25423796407871
2016-06-15,106.28904123779044
2016-06-16,106.49935572758369
2016-06-17,106.39893094237908
2016-06-20,107.28553334081748
2016-06-21,107.45410672710933
2016-06-22,107.23399002551017
2016-06-23,108.86395520490089
2016-06-24,104.66149429346783
2016-06-27,102.12956469990495
2016-06-28,103.97386132475906
2016-06-29,105.94087790121318
2016-06-30,107.66591473963642
2016-07-01,107.79757029361174
2016-07-05,106.90968143131536
2016-07-06,107.47206892546248
2016-07-07,107.54179298002178
2016-07-08,109.48462806792078
2016-07-11,109.96883661696175
2016-07-12,110.93737826031762
2016-07-13,110.93434317819471
2016-07-14,111.33268627323096
2016-07-15,111.25073177687726
2016-07-18,111.49851078114703
2016-07-19,111.18288420557296
2016-07-20,111.83857482549769
2016-07-21,111.42986092412337
2016-07-22,112.23204866179634
2016-07-25,112.0684708450738
2016-07-26,112.5971984539253
2016-07-27,112.20673202911122
2016-07-28,112.44281862507357
2016-07-29,112.57400311808487
2016-08-01,112.32788611082765
2016-08-02,111.33899044297908
2016-08-03,111.8467709652808
2016-08-04,111.93726019940489
2016-08-05,112.98748301362518
2016-08-08,112.91262949785543
2016-08-09,112.9754629885817
2016-08-10,112.71610535781065
2016-08-11,113.24157712327758
2016-08-12,113.13917259547664
2016-08-15,113.6939184997454
2016-08-16,113.0071624426788
2016-08-17,113.12235293044132
2016-08-18,113.63858691808713
2016-08-19,113.64929133749297
2016-08-22,113.6931433495968
2016-08-23,114.06313283863318
2016-08-24,113.34520451659893
2016-08-25,113.41170022243068
2016-08-26,113.12972696171275
2016-08-29,113.84063434903145
2016-08-30,113.72038534208446
2016-08-31,113.44069640735965
2016-09-01,113.52767956664775
2016-09-02,114.11287394485421
2016-09-06,114.28578755884604
2016-09-07,114.4420333195583
2016-09-08,114.09042629310979
2016-09-09,111.01954092485478
2016-09-12,112.64914842324316
2016-09-13,110.87372709095267
2016-09-14,110.76952929265029
2016-09-15,111.97034059258569
2016-09-16,111.6052012518576
2016-09-19,112.00236143062374
2016-09-20,111.93148237650357
2016-09-21,113.38862802682861
2016-09-22,114.27237585356407
2016-09-23,113.62095661265165
2016-09-26,112.8888051227473
2016-09-27,113.49082698559545
2016-09-28,114.16203155742144
2016-09-29,113.12814521295047
2016-09-30,114.02462264953739
2016-10-03,113.51824367015759
2016-10-04,112.77906212520945
2016-10-05,113.26029996264045
2016-10-06,113.42383373022432
2016-10-07,112.72037013572398
2016-10-10,113.25320667419405
2016-10-11,111.59535602433861
2016-10-12,111.79541022190817
2016-10-13,111.43696697536241
2016-10-14,111.3719076987804
2016-10-17,111.08255494184192
2016-10-18,111.83463629893554
2016-10-19,112.25698233195646
2016-10-20,112.05096951257121
2016-10-21,111.94683660433256
2016-10-24,112.46959003558365
2016-10-25,111.87128329772831
2016-10-26,111.66227786336708
2016-10-27,111.05228681292122
2016-10-28,111.20822197099346
2016-10-31,111.54304508055634
2016-11-01,110.60580289440946
2016-11-02,109.77779265448162
2016-11-03,109.43566233104087
2016-11-04,109.54779982229654
2016-11-07,111.94933415794004
2016-11-08,112.4243961013652
2016-11-09,113.71055621297093
2016-11-10,114.24504882241028
2016-11-11,114.40885266011375
2016-11-14,115.18059868143946
2016-11-15,115.9179023007912
2016-11-16,115.59998401105334
2016-11-17,116.32920302249796
2016-11-18,116.20132187725649
2016-11-21,117.01157643889368
2016-11-22,117.37079502428914
2016-11-23,117.69270281660944
2016-11-25,118.25052465811687
2016-11-28,117.46395649758936
2016-11-29,117.57572582500433
2016-11-30,117.18676036544768
2016-12-01,116.37604312885684
2016-12-02,116.54227549170906
2016-12-05,117.49528559951492
2016-12-06,118.11577242749847
2016-12-07,119.74789998421811
2016-12-08,120.33192265139745
2016-12-09,120.54673622718673
2016-12-12,120.2354641315267
2016-12-13,120.7087775616307
2016-12-14,119.54025733737078
2016-12-15,119.99339653377908
2016-12-16,119.82793017080458
2016-12-19,120.04586885138188
2016-12-20,120.5305412830026
2016-12-21,120.22262074930936
2016-12-22,119.82672975974347
2016-12-23,120.10856140373112
2016-12-27,120.49468732601281
2016-12-28,119.27708393347616
2016-12-29,119.41768081824165
2016-12-30,118.9575020557748
2017-01-03,119.86822239163908
2017-01-04,121.16165201659848
2017-01-05,120.87857051728406
2017-01-06,121.23433115172253
2017-01-09,120.74214559025363
2017-01-10,121.00723942325556
2017-01-11,121.45383213525476
2017-01-12,121.12795268942355
2017-01-13,121.61924183085826
2017-01-17,121.13579686076838
2017-01-18,121.58069562730518
2017-01-19,121.09321330490286
2017-01-20,121.53555892436225
2017-01-23,121.2352026929051
2017-01-24,122.5573614139591
2017-01-25,123.57197244592611
2017-01-26,123.3752542556924
2017-01-27,123.25658923176218
2017-01-30,122.51028988696359
2017-01-31,122.64799402621162
2017-02-01,122.51584066923533
2017-02-02,122.79903739544744
2017-02-03,123.80362743558018
2017-02-06,123.54695391967492
2017-02-07,123.59765039900464
2017-02-08,123.81924150139227
2017-02-09,124.76979793930296
2017-02-10,125.38131656378218
2017-02-13,125.9688412157854
2017-02-14,126.19922971912175
2017-02-15,126.81294113989469
2017-02-16,126.59683336269009
2017-02-17,126.95390193288429
2017-02-21,127.80814129826703
2017-02-22,127.50742033821905
2017-02-23,127.27234819379176
2017-02-24,127.79204553865415
2017-02-27,128.02663733953148
2017-02-28,127.43451591008159
2017-03-01,129.05478181507405
2017-03-02,128.17868771779618
2017-03-03,128.17786948030715
2017-03-06,127.61221331516919
2017-03-07,127.16869111038818
2017-03-08,126.84462819251546
2017-03-09,126.67513244856362
2017-03-10,127.24552404834155
2017-03-13,127.586649789709
2017-03-14,127.05089847206156
2017-03-15,128.45493876871552
2017-03-16,128.21351777312378
2017-03-17,128.3198736562478
2017-03-20,128.01062080292007
2017-03-21,126.28410089612174
2017-03-22,126.72482198104862
2017-03-23,126.71788859464893
2017-03-24,126.69427601022622
2017-03-27,126.55828800529048
2017-03-28,127.42138071887052
2017-03-29,127.66492704689989
2017-03-30,127.92968511756575
2017-03-31,127.86356425401122
2017-04-03,127.35927216998518
2017-04-04,127.31222480419962
2017-04-05,126.83046571172432
2017-04-06,127.38375894117921
2017-04-07,127.2653666036475
2017-04-10,127.45084963937974
2017-04-11,127.50154157197962
2017-04-12,126.67807129901314
2017-04-13,125.83666905653538
2017-04-17,127.00497247386475
2017-04-18,126.74256097974055
2017-04-19,126.79331899805295
2017-04-20,127.78893317177314
2017-04-21,127.48123718786111
2017-04-24,128.81073450570855
2017-04-25,129.5654412419069
2017-04-26,129.6133224687888
2017-04-27,129.92536024377708
2017-04-28,129.3736798145075
2017-05-01,129.52410655819727
2017-05-02,129.56743367682478
2017-05-03,129.1457526917151
2017-05-04,129.41244644936833
2017-05-05,130.1902909834523
2017-05-08,129.7825117953275
2017-05-09,129.81605823610997
2017-05-10,130.18316675263642
2017-05-11,129.85761918548232
2017-05-12,129.459651508855
2017-05-15,130.33166170740378
2017-05-16,130.24012231394855
2017-05-17,128.05760348977972
2017-05-18,128.48169898731712
2017-05-19,129.59814507003134
2017-05-22,130.45474884296237
2017-05-23,130.57675008556518
2017-05-24,131.07136481276225
2017-05-25,131.7274175846033
2017-05-26,131.79978330597046
2017-05-30,131.63519000495407
2017-05-31,131.79753823004242
2017-06-01,133.20432915938525
2017-06-02,133.69924567989045
2017-06-05,133.32169703826852
2017-06-06,132.86590258541057
2017-06-07,133.0507107438441
2017-06-08,133.28218107243438
2017-06-09,133.26205944567343
2017-06-12,133.2392902146075
2017-06-13,134.03840571704913
2017-06-14,133.81394740450912
2017-06-15,133.62394787059847
2017-06-16,133.6918946830938
2017-06-19,134.65866078819053
2017-06-20,133.60337369278759
2017-06-21,133.41080979059643
2017-06-22,133.44041536239408
2017-06-23,133.86742482267317
2017-06-26,134.04979035940934
2017-06-27,132.92875761078412
2017-06-28,134.14279790523202
2017-06-29,132.96293672677143
2017-06-30,133.35626302080138
2017-07-03,133.66454911881488
2017-07-05,133.65255421232183
2017-07-06,132.34376024808506
2017-07-07,133.3973126443528
2017-07-10,133.42405145160114
2017-07-11,133.3944643470888
2017-07-12,134.46895298607882
2017-07-13,134.626317344719
2017-07-14,135.29258439290695
2017-07-17,135.3816892539129
2017-07-18,135.30170746507778
2017-07-19,136.18358578905304
2017-07-20,136.1136203670929
2017-07-21,136.21731849218622
2017-07-24,136.1890086321642
2017-07-25,136.60295309508334
2017-07-26,136.39376802336122
2017-07-27,136.03725387613775
2017-07-28,135.98354569252695
2017-07-31,135.83393241555007
2017-08-01,136.0891403821536
2017-08-02,135.79367551979
2017-08-03,135.6689458808116
2017-08-04,136.03679049500985
2017-08-07,136.34558818757597
2017-08-08,135.9776781377836
2017-08-09,135.76789638550696
2017-08-10,133.8239643048888
2017-08-11,133.96468713181326
2017-08-14,135.36408549771863
2017-08-15,135.2057653228944
2017-08-16,135.6495951353519
2017-08-17,133.660293383712
2017-08-18,133.49338650493382
2017-08-21,133.64043715797013
2017-08-22,134.92823643244617
2017-08-23,134.50927127992625
2017-08-24,134.34280313909503
2017-08-25,134.70232807500474
2017-08-28,134.68762439165764
2017-08-29,134.60751020594412
2017-08-30,135.41255283937198
2017-08-31,136.2476958579616
2017-09-01,136.6855926975424
2017-09-05,135.6988746834266
2017-09-06,136.03570977470173
2017-09-07,136.09830728075093
2017-09-08,136.29503115031844
2017-09-11,137.63670926228198
2017-09-12,138.0166471533146
2017-09-13,137.84921956922463
2017-09-14,137.7981607444753
2017-09-15,138.1505504697364
2017-09-18,138.5482566855608
2017-09-19,138.54121563683935
2017-09-20,138.680372524951
2017-09-21,138.37416330412432
2017-09-22,138.66241988359405
2017-09-25,138.47296327885314
2017-09-26,138.5382208260526
2017-09-27,139.1405705161192
2017-09-28,139.28780881364992
2017-09-29,139.83516655473963
2017-10-02,140.48676034677382
2017-10-03,140.7325793269461
2017-10-04,141.20062897746914
2017-10-05,141.76809531421065
2017-10-06,141.68321502316778
2017-10-09,141.34588224606864
2017-10-10,141.70141385781227
2017-10-11,141.87787860583217
2017-10-12,142.0316943734776
2017-10-13,142.21526440760877
2017-10-16,142.21980276138595
2017-10-17,142.18090472281375
2017-10-18,142.41307363991245
2017-10-19,142.621372094231
2017-10-20,143.5281770127623
2017-10-23,143.19872839863717
2017-10-24,143.4821823422113
2017-10-25,142.61916525845874
2017-10-26,143.16345414075332
2017-10-27,143.73894909250896
2017-10-30,143.0323789799458
2017-10-31,143.48274215413733
2017-11-01,143.44740756898926
2017-11-02,143.65714357307453
2017-11-03,144.13066521876118
2017-11-06,144.4372557766865
2017-11-07,144.28227997778126
2017-11-08,144.633256137824
2017-11-09,143.93003184521174
2017-11-10,144.03954018511297
2017-11-13,144.32809989732505
2017-11-14,144.3473028164255
2017-11-15,143.50945702760154
2017-11-16,144.74384937277534
2017-11-17,144.74985359730567
2017-11-20,145.12136913946102
2017-11-21,145.91825690544863
2017-11-22,145.79537261524732
2017-11-24,146.01624381985968
2017-11-27,145.82365592070053
2017-11-28,147.25329306029343
2017-11-29,147.4771122972156
2017-11-30,148.63123271229344
2017-12-01,148.24592639466118
2017-12-04,148.24691126022418
2017-12-05,147.45897007857437
2017-12-06,147.34335180996823
2017-12-07,148.12916167578655
2017-12-08,149.0017499089806
2017-12-11,149.14539958829846
2017-12-12,148.9191964956351
2017-12-13,148.91428380177248
2017-12-14,148.1526621865769
2017-12-15,149.46296246777862
2017-12-18,150.43086866581817
2017-12-19,150.02949058832212
2017-12-20,150.01201818268692
2017-12-21,150.1317232753353
2017-12-22,150.20456398700182
2017-12-26,150.24666675547718
2017-12-27,150.44021267077304
2017-12-28,150.84541792433413
2017-12-29,150.16164967128728
2018-01-02,151.12355863551429
2018-01-03,152.1015084683002
2018-01-04,152.5620648159946
2018-01-05,153.3875072719335
2018-01-08,154.03719822215194
2018-01-09,154.12801283267981
2018-01-10,153.70527868270153
2018-01-11,155.01554709381713
2018-01-12,155.83811474679217
2018-01-16,155.05814904055478
2018-01-17,156.51861685614472
2018-01-18,156.27878518575
2018-01-19,157.35578223546332
2018-01-22,158.20646635262392
2018-01-23,158.77454907347672
2018-01-24,158.70171677644157
2018-01-25,158.74977047911787
2018-01-26,160.28336860627007
2018-01-29,159.15401473754793
2018-01-30,157.66929456405356
2018-01-31,157.62122766865363
2018-02-01,157.28428459387246
2018-02-02,154.2067266578295
2018-02-05,148.62620643584447
2018-02-06,150.37562923504376
2018-02-07,150.00250772633967
2018-02-08,144.83624574403876
2018-02-09,146.75723508643443
2018-02-12,148.49541624665227
2018-02-13,148.98073801142863
2018-02-14,151.0078636776251
2018-02-15,152.73897914727684
2018-02-16,152.9400115343774
2018-02-20,152.11511667647684
2018-02-21,151.30045154466265
2018-02-22,151.4340227887595
2018-02-23,153.6607812772105
2018-02-26,154.85894023650076
2018-02-27,152.95539936082497
2018-02-28,151.5870766242254
2018-03-01,150.09102645529296
2018-03-02,151.02186303582576
2018-03-05,152.72979374042103
2018-03-06,153.65106389432887
2018-03-07,153.67684807180723
2018-03-08,154.26504848940402
2018-03-09,156.66762106940908
2018-03-12,156.5195943576613
2018-03-13,155.8999540893123
2018-03-14,155.21536107155268
2018-03-15,154.94944314475228
2018-03-16,155.62787663445854
2018-03-19,153.92466427617723
2018-03-20,154.25131693834877
2018-03-21,154.20642238785302
2018-03-22,150.75196358769972
2018-03-23,147.8548533023667
2018-03-26,151.212972047709
2018-03-27,149.29883416163398
2018-03-28,148.9717023674446
2018-03-29,150.93658084303036
2018-04-02,147.69035701124912
2018-04-03,149.4864018804452
2018-04-04,151.07689709280282
2018-04-05,152.00599381771406
2018-04-06,148.8193501109947
2018-04-09,149.08277157968828
2018-04-10,151.27206983595732
2018-04-11,150.59055285115033
2018-04-12,151.44337138273121
2018-04-13,151.0214885644459
2018-04-16,152.51714461192813
2018-04-17,154.00269143124547
2018-04-18,154.44918002139184
2018-04-19,153.43875027095885
2018-04-20,152.34904654140914
2018-04-23,152.3524089819946
2018-04-24,150.74962680958373
2018-04-25,150.9670822433601
2018-04-26,152.16303710592857
2018-04-27,152.40078381927017
2018-04-30,151.06380713855134
2018-05-01,151.27638266132314
2018-05-02,150.23733426780018
2018-05-03,150.0236830158292
2018-05-04,151.88991710280973
2018-05-07,152.35073516012443
2018-05-08,152.36209179429665
2018-05-09,153.62585393498617
2018-05-10,154.905421265351
2018-05-11,155.02026644186637
2018-05-14,155.02259460490373
2018-05-15,154.12671779538496
2018-05-16,154.8164542485908
2018-05-17,155.01747107305462
2018-05-18,154.9273350669086
2018-05-21,156.11938189588588
2018-05-22,155.49684629754609
2018-05-23,155.88652025912268
2018-05-24,155.93546382255659
2018-05-25,155.78449502954686
2018-05-29,154.31520063609804
2018-05-30,156.25903277555628
2018-05-31,154.95273082694376
2018-06-01,156.33880753360557
2018-06-04,156.99740089760087
2018-06-05,157.24798534878082
2018-06-06,158.38253461883585
2018-06-07,158.2316254834738
2018-06-08,159.01843950348814
2018-06-11,159.29665100398583
2018-06-12,159.80254367880718
2018-06-13,159.05573328669158
2018-06-14,159.5033138351208
2018-06-15,159.58598427629897
2018-06-18,159.37837592786653
2018-06-19,158.6903713592896
2018-06-20,159.04823999884462
2018-06-21,158.15173794968592
2018-06-22,158.4546515252278
2018-06-25,156.50659632192097
2018-06-26,156.69693072484094
2018-06-27,155.31345957250687
2018-06-28,156.07405915698175
2018-06-29,156.27899250511766
2018-07-02,156.53725927032608
2018-07-03,156.20409131734095
2018-07-05,157.53873277982174
2018-07-06,158.74123675337174
2018-07-09,159.9602930068637
2018-07-10,160.4604693718071
2018-07-11,159.30905982589886
2018-07-12,160.41548704075643
2018-07-13,160.56245634886028
2018-07-16,160.11166232864406
2018-07-17,160.81513177257492
2018-07-18,161.30735132576424
2018-07-19,161.15936574619562
2018-07-20,160.72167124039157
2018-07-23,160.69949020252696
2018-07-24,160.57385980477122
2018-07-25,161.95188204348034
2018-07-26,162.57699012888597
2018-07-27,161.4025539106019
2018-07-30,160.3447695488326
2018-07-31,161.63898870365318
2018-08-01,160.93691017268904
2018-08-02,162.09141951850916
2018-08-03,162.7113508679104
2018-08-06,163.2869423362215
2018-08-07,163.99749891025942
2018-08-08,163.6377134341133
2018-08-09,163.38775838233738
2018-08-10,162.21521986240143
2018-08-13,161.51819552206936
2018-08-14,162.73269456901568
2018-08-15,161.6568682325226
2018-08-16,162.94880174640113
2018-08-17,163.69743015385538
2018-08-20,164.31244216862913
2018-08-21,164.89493961937654
2018-08-22,164.67930788500806
2018-08-23,164.4721728693518
2018-08-24,165.54066488841684
2018-08-27,166.53127425581965
2018-08-28,166.6225464307622
2018-08-29,167.29562969902426
2018-08-30,166.3978116459441
2018-08-31,166.6850112442837
2018-09-04,166.54405388058035
2018-09-05,166.4567213903413
2018-09-06,166.25955957476864
2018-09-07,165.7392068134564
2018-09-10,166.44968510359945
2018-09-11,166.56179390756185
2018-09-12,166.841464664761
2018-09-13,167.6414118399589
2018-09-14,167.8488320913415
2018-09-17,167.1078290496972
2018-09-18,167.8465367729244
2018-09-19,167.63065339352184
2018-09-20,168.70371032801648
2018-09-21,168.7547481610258
2018-09-24,167.7263451619423
2018-09-25,167.33435912842975
2018-09-26,166.527364310221
2018-09-27,166.67599057488172
2018-09-28,166.9453551192472
2018-10-01,166.92879763362492
2018-10-02,166.63136829059232
2018-10-03,166.5614534829843
2018-10-04,165.05784809994825
2018-10-05,164.3164022992368
2018-10-08,164.2741501400475
2018-10-09,163.5365975806603
2018-10-10,158.7987192502775
2018-10-11,155.51497871478318
2018-10-12,156.93729070896092
2018-10-15,156.78196151507305
2018-10-16,160.07479730077864
2018-10-17,159.75219531796293
2018-10-18,157.67397151211512
2018-10-19,157.23807901305292
2018-10-22,156.42136558877073
2018-10-23,155.4081960825419
2018-10-24,151.2000984260348
2018-10-25,153.1083636100408
2018-10-26,150.8964045935607
2018-10-29,150.62407164062887
2018-10-30,153.55345805327792
2018-10-31,154.873245783931
2018-11-01,157.31050974013132
2018-11-02,156.73644599474383
2018-11-05,157.60205057188887
2018-11-06,158.79242149208758
2018-11-07,161.61935835922833
2018-11-08,161.18700976647648
2018-11-09,159.82433444167535
2018-11-12,157.03064572663897
2018-11-13,157.10026862844708
2018-11-14,156.13130619416916
2018-11-15,157.64481151617315
2018-11-16,158.20464279159074
2018-11-19,155.72457035453
2018-11-20,153.35480813129075
2018-11-21,154.28418317878794
2018-11-23,153.9126985614232
2018-11-26,155.97275240759592
2018-11-27,155.88045805045977
2018-11-28,158.95510816084573
2018-11-29,158.54441886565488
2018-11-30,159.61159688251865
2018-12-03,161.42220305364046
2018-12-04,156.22412355852998
2018-12-06,156.05399197203465
2018-12-07,152.64330326541733
2018-12-10,152.59417397924986
2018-12-11,152.39477404658547
2018-12-12,153.35802228461662
2018-12-13,152.97044131421958
2018-12-14,150.7438656491342
2018-12-17,147.48117483587956
2018-12-18,147.4386356326599
2018-12-19,145.37878815044218
2018-12-20,143.2685351878374
2018-12-21,140.8030187790634
2018-12-24,137.08020106592718
2018-12-26,143.20643098949532
2018-12-27,144.52946620631732
2018-12-28,144.3920529692173
2018-12-31,145.67999256721248
2019-01-02,145.35741441735559
2019-01-03,142.3882468169051
2019-01-04,147.07216159629687
2019-01-07,148.4117442981383
2019-01-08,150.05195274015873
2019-01-09,150.99058993601767
2019-01-10,152.01502566235388
2019-01-11,152.20924255006244
2019-01-14,151.3378844539339
2019-01-15,152.4380755946286
2019-01-16,152.8179427532145
2019-01-17,154.12970805076182
2019-01-18,156.33853371228201
2019-01-22,154.30307851482152
2019-01-23,154.3518816615032
2019-01-24,155.19785441298802
2019-01-25,156.72891390243024
2019-01-28,155.99514403244655
2019-01-29,156.33901357878963
2019-01-30,158.21828287222388
2019-01-31,159.62286414549226
2019-02-01,160.1780803835158
2019-02-04,161.15987302037428
2019-02-05,161.90150943423325
2019-02-06,161.82525458077896
2019-02-07,160.9122008381902
2019-02-08,161.1431002767448
2019-02-11,161.60849848588603
2019-02-12,163.52227443414972
2019-02-13,164.2143286528038
2019-02-14,163.97024553362215
2019-02-15,165.88130564005237
2019-02-19,166.3504533510213
2019-02-20,166.89087111891882
2019-02-21,166.44133450865567
2019-02-22,167.4807372289686
2019-02-25,167.51566092744585
2019-02-26,167.03652242230487
2019-02-27,167.04011074916372
2019-02-28,166.7012740227774
2019-03-01,167.67194206264725
2019-03-04,166.88051261162576
2019-03-05,166.36398691364377
2019-03-06,165.03073680135694
2019-03-07,163.9149179301682
2019-03-08,163.4911944404806
2019-03-11,165.77715168737413
2019-03-12,166.2429009550527
2019-03-13,167.2778948226951
2019-03-14,167.12121903732051
2019-03-15,167.75450410239648
2019-03-18,168.40811912935612
2019-03-19,168.17511400476351
2019-03-20,167.24414529784158
2019-03-21,169.40890330098125
2019-03-22,166.06671362223904
2019-03-25,166.08768034100564
2019-03-26,167.2967082091862
2019-03-27,166.62037033912173
2019-03-28,167.47056137277258
2019-03-29,168.6292704069986
2019-04-01,170.680658121237
2019-04-02,170.55190759436778
2019-04-03,171.1456747005355
2019-04-04,171.48509820334203
2019-04-05,172.60332819294572
2019-04-08,172.73258625202786
2019-04-09,171.43566234583088
2019-04-10,172.3652015698072
2019-04-11,172.73821085556236
2019-04-12,174.06577618028487
2019-04-15,173.77644800574961
2019-04-16,173.7368682452387
2019-04-17,172.7233816440417
2019-04-18,173.16284831513605
2019-04-22,172.8906624079734
2019-04-23,174.4441519776519
2019-04-24,174.5995809584106
2019-04-25,173.75680836264914
2019-04-26,174.76869423602898
2019-04-29,174.80186822576732
2019-04-30,175.5045174696696
2019-05-01,173.83990435627825
2019-05-02,174.10262064742625
2019-05-03,175.82315878187683
2019-05-06,175.1028952345293
2019-05-07,172.2593424083417
2019-05-08,171.93000537635314
2019-05-09,171.67438819584652
2019-05-10,172.47069315320215
2019-05-13,168.40624945287942
2019-05-14,170.00906092761855
2019-05-15,170.60263983691587
2019-05-16,171.85111342263966
2019-05-17,170.6174948957041
2019-05-20,169.6022908947099
2019-05-21,171.43838923853204
2019-05-22,170.85276593141722
2019-05-23,168.85438659030916
2019-05-24,169.17097298256306
2019-05-28,167.54619150159647
2019-05-29,166.41107399086076
2019-05-30,166.88209524317782
2019-05-31,165.27476875623896
2019-06-03,166.08271713657402
2019-06-04,169.66384680480226
2019-06-05,171.01671981234784
2019-06-06,171.96122556349067
2019-06-07,173.2211219472313
2019-06-10,174.05760882994812
2019-06-11,173.83355864906196
2019-06-12,173.67953643185052
2019-06-13,174.70416309644997
2019-06-14,174.18803688903216
2019-06-17,174.02929966235612
2019-06-18,175.8485063897523
2019-06-19,176.7300990814104
2019-06-20,178.43190225275387
2019-06-21,177.80672822750358
2019-06-24,177.19272168734412
2019-06-25,175.85648268798465
2019-06-26,175.40290845334155
2019-06-27,176.69014615095253
2019-06-28,178.20905815392604
2019-07-01,179.5358640764811
2019-07-02,179.68347860941083
2019-07-03,181.30682871806215
2019-07-05,181.03662372265345
2019-07-08,180.0217410631019
2019-07-09,180.1890355967669
2019-07-10,180.5305512774465
2019-07-11,180.83380136848436
2019-07-12,182.06625827052787
2019-07-15,181.94071972306253
2019-07-16,181.57401007924418
2019-07-17,180.26676123840383
2019-07-18,180.94871963222033
2019-07-19,179.97063831416315
2019-07-22,180.1932868861433
2019-07-23,181.65081315038228
2019-07-24,182.97399298131464
2019-07-25,181.8166986721909
2019-07-26,182.82361642810744
2019-07-29,182.4134271852245
2019-07-30,182.50875982046338
2019-07-31,180.6628707940079
2019-08-01,178.83766373996886
2019-08-02,177.4703233438767
2019-08-05,172.4334838122069
2019-08-06,174.64135429491884
2019-08-07,174.9566043756711
2019-08-08,178.34367589987514
2019-08-09,177.0521121298821
2019-08-12,174.80757531209682
2019-08-13,177.08132179849133
2019-08-14,171.96835165342273
2019-08-15,172.36216946475216
2019-08-16,175.1054057981232
2019-08-19,176.9925626818418
2019-08-20,175.76332983579724
2019-08-21,177.17262171550857
2019-08-22,177.22875262335901
2019-08-23,172.78473798685766
2019-08-26,174.34584789919606
2019-08-27,173.5643187218549
2019-08-28,174.75152594815123
2019-08-29,177.0217381365633
2019-08-30,177.26441496938156
2019-09-03,176.12070462342652
2019-09-04,178.00628475039545
2019-09-05,180.4563310510916
2019-09-06,180.83817748625555
2019-09-09,181.15910712920058
2019-09-10,181.63784303492082
2019-09-11,183.02999006658257
2019-09-12,183.31087928707646
2019-09-13,183.4039040493056
2019-09-16,183.4780939303709
2019-09-17,183.8570538224457
2019-09-18,183.68259347228286
2019-09-19,183.37870525723025
2019-09-20,182.6251312590751
2019-09-23,182.6932507950739
2019-09-24,181.32793310531738
2019-09-25,182.43874387482805
2019-09-26,182.09132637188114
2019-09-27,181.02033111065182
2019-09-30,181.7919779128705
2019-10-01,179.12100313200287
2019-10-02,176.01248422935606
2019-10-03,177.22319293090067
2019-10-04,179.38194432721698
2019-10-07,178.4817763254864
2019-10-08,175.3536741839133
2019-10-09,176.93640385198003
2019-10-10,178.00442099754943
2019-10-11,180.29468729666718
2019-10-14,179.90078744423434
2019-10-15,181.39066326401257
2019-10-16,180.99338172789095
2019-10-17,181.76915342052172
2019-10-18,181.59951429612693
2019-10-21,182.70524375062743
2019-10-22,182.33527908916136
2019-10-23,182.87236125918994
2019-10-24,183.44032172051985
2019-10-25,184.0249156833335
2019-10-28,184.54392578742159
2019-10-29,185.0137457354715
2019-10-30,185.2324510210986
2019-10-31,184.16387575524968
2019-11-01,186.18761149443543
2019-11-04,187.02007915500053
2019-11-05,186.9626170139281
2019-11-06,186.87160403936548
2019-11-07,187.29634337064473
2019-11-08,187.80655531548075
2019-11-11,187.52252569139466
2019-11-12,187.77753727427864
2019-11-13,187.83321835140455
2019-11-14,188.16744807481203
2019-11-15,189.5742161965631
2019-11-18,189.4291519782146
2019-11-19,189.59510661696774
2019-11-20,189.16830045263418
2019-11-21,188.49544280358526
2019-11-22,189.05494578380296
2019-11-25,190.735150761017
2019-11-26,191.25160739007262
2019-11-27,192.02505869916183
2019-11-29,191.04179337180466
2019-12-02,189.3439422223965
2019-12-03,188.04822351649656
2019-12-04,189.34237112386313
2019-12-05,189.70028744359007
2019-12-06,191.21466943498305
2019-12-09,190.73839374257486
2019-12-10,190.57577699265252
2019-12-11,191.1430325949495
2019-12-12,192.8107937840803
2019-12-13,192.52906106457544
2019-12-16,193.78223802791393
2019-12-17,193.97361554388232
2019-12-18,194.0961439798938
2019-12-19,194.81150242438196
2019-12-20,196.15418295637136
2019-12-23,196.1518949276075
2019-12-24,196.22002438204836
2019-12-26,196.73559001283922
2019-12-27,196.59063511298334
2019-12-30,195.85789675643167
2019-12-31,196.4883878500632
2020-01-02,197.35165941049473
2020-01-03,196.33850622721778
2020-01-06,196.58157583499235
2020-01-07,196.44334902495734
2020-01-08,197.07473077743285
2020-01-09,198.15063975639657
2020-01-10,197.72865711615088
2020-01-13,199.2795349307028
2020-01-14,199.46154411577822
2020-01-15,199.84009700550854
2020-01-16,201.66764384657537
2020-01-17,202.20163164025246
2020-01-21,201.49857471694244
2020-01-22,201.48806293484438
2020-01-23,202.05513586045868
2020-01-24,200.2587659352401
2020-01-27,197.18319290046537
2020-01-28,199.00564284739528
2020-01-29,198.49258455853368
2020-01-30,198.95430220223096
2020-01-31,195.39811148661997
2020-02-03,196.7510793703851
2020-02-04,199.71807578129727
2020-02-05,202.12261543327324
2020-02-06,202.14714522119834
2020-02-07,200.59523216843607
2020-02-10,201.80586533334957
2020-02-11,203.21004972603603
2020-02-12,204.5316235513116
2020-02-13,204.57722930465354
2020-02-14,204.88926913556264
2020-02-18,204.33520518773202
2020-02-19,205.19517315219454
2020-02-20,205.1869445918155
2020-02-21,203.32143226764396
2020-02-24,197.24301652174307
2020-02-25,190.79342685347723
2020-02-26,189.01576524832842
2020-02-27,181.63159842576596
2020-02-28,179.23985211812297
2020-03-02,186.32143829131465
2020-03-03,181.9556905103291
2020-03-04,189.13212130012136
2020-03-05,182.8142796171745
2020-03-06,179.09479157756013
2020-03-09,163.95107902681224
2020-03-10,171.48414805406844
2020-03-11,162.20806941068324
2020-03-12,145.97458181037987
2020-03-13,157.70359677373543
2020-03-16,138.1322103701052
2020-03-17,145.74481147448682
2020-03-18,135.7323831909173
2020-03-19,137.38994285660087
2020-03-20,131.64718217940697
2020-03-23,126.90136598707869
2020-03-24,140.26438091814208
2020-03-25,143.80411253218915
2020-03-26,152.65274729536176
2020-03-27,147.69356451075691
2020-03-30,151.8990266416951
2020-03-31,149.17612811490017
2020-04-01,141.85062014753134
2020-04-02,144.05880514356906
2020-04-03,141.53499447326
2020-04-06,152.417143337963
2020-04-07,153.4259440579931
2020-04-08,159.88579290085138
2020-04-09,163.68084265213767
2020-04-13,160.16162061813984
2020-04-14,164.4308582065502
2020-04-15,159.32006558753707
2020-04-16,159.31582510503927
2020-04-17,165.17096299665818
2020-04-20,161.811562422206
2020-04-21,157.0053719723365
2020-04-22,160.10462876432757
2020-04-23,160.17375397400156
2020-04-24,162.40339375824348
2020-04-27,166.54909560392903
2020-04-28,167.66575266832834
2020-04-29,172.2439869184305
2020-04-30,168.48943575115177
2020-05-01,163.3639436212653
2020-05-04,163.70428110969232
2020-05-05,165.21811918753474
2020-05-06,163.26411318815553
2020-05-07,165.88953350498096
2020-05-08,169.76145561749095
2020-05-11,168.77717260193583
2020-05-12,164.74083555158808
2020-05-13,160.88470300790837
2020-05-14,162.82339133734735
2020-05-15,163.29425734913482
2020-05-18,170.70291989045313
2020-05-19,168.82832289043947
2020-05-20,171.7850969176115
2020-05-21,170.7667166254675
2020-05-22,171.25950270072755
2020-05-26,175.37165208456315
2020-05-27,178.98494101922188
2020-05-28,178.37228400656295
2020-05-29,179.01481292471087
2020-06-01,180.28857181768308
2020-06-02,182.33901340783694
2020-06-03,186.24344306738533
2020-06-04,186.2136499586645
2020-06-05,191.5847255807672
2020-06-08,194.8201750073441
2020-06-09,191.0090144292692
2020-06-10,187.99496290108215
2020-06-11,176.24931683999486
2020-06-12,179.08521958834234
2020-06-15,181.16547196106436
2020-06-16,184.3998835398623
2020-06-17,183.27899628846828
2020-06-18,183.10977526548027
2020-06-19,181.55139450452353
2020-06-22,182.02306372772372
2020-06-23,182.11208687199985
2020-06-24,176.6676711556517
2020-06-25,178.4376053493258
2020-06-26,174.85568946372356
2020-06-29,177.9242098858641
2020-06-30,180.54654256283257
2020-07-01,180.6862839876
2020-07-02,181.6780433223279
2020-07-06,183.66126049042575
2020-07-07,181.31089103718955
2020-07-08,182.0311710872466
2020-07-09,180.13166552709933
2020-07-10,182.3961582896107
2020-07-13,181.1799837030483
2020-07-14,184.27663833494378
2020-07-15,187.50246921615513
2020-07-16,187.20941573928994
2020-07-17,188.29957031651043
2020-07-20,187.92377753496282
2020-07-21,189.15083473165112
2020-07-22,190.59988456694242
2020-07-23,190.04638599991844
2020-07-24,188.7011903243356
2020-07-27,189.831332784798
2020-07-28,188.66439065279602
2020-07-29,191.59072358900565
2020-07-30,190.51331180747596
2020-07-31,190.58953792064085
2020-08-03,191.37152968519277
2020-08-04,192.29811086196037
2020-08-05,193.4335100991133
2020-08-06,193.51099036518056
2020-08-07,195.1304353206657
2020-08-10,196.50169425970344
2020-08-11,195.78333722112745
2020-08-12,197.48308263655665
2020-08-13,196.94476594235306
2020-08-14,197.0477866205797
2020-08-17,197.4402607533172
2020-08-18,196.97522635629483
2020-08-19,196.18134357110782
2020-08-20,195.32998440778124
2020-08-21,195.27403308390626
2020-08-24,197.54394010094626
2020-08-25,197.62824981897006
2020-08-26,197.9024711501495
2020-08-27,198.6483634437712
2020-08-28,200.1092794252267
2020-08-31,199.10753423580718
2020-09-01,199.74991697354832
2020-09-02,203.3596701123121
2020-09-03,197.97979059695797
2020-09-04,196.9726257115498
2020-09-08,192.8958268433649
2020-09-09,195.74547287747302
2020-09-10,192.95727195087892
2020-09-11,193.736232306417
2020-09-14,196.73902042725396
2020-09-15,197.27694541425373
2020-09-16,197.97870709067593
2020-09-17,196.93024821715483
2020-09-18,194.96716652962914
2020-09-21,190.971323960964
2020-09-22,192.1921783913078
2020-09-23,188.16544493802834
2020-09-24,188.54917162968607
2020-09-25,191.11642750474203
2020-09-28,194.2854537517067
2020-09-29,193.23223248641273
2020-09-30,194.39511756863658
2020-10-01,195.1270764672629
2020-10-02,195.3664779268776
2020-10-05,198.6946877175797
2020-10-06,197.03436765228145
2020-10-07,200.2119253786112
2020-10-08,202.71104936040828
2020-10-09,203.54794913299713
2020-10-12,205.21306695202819
2020-10-13,203.748268567045
2020-10-14,203.09896881851682
2020-10-15,203.64381981804388
2020-10-16,203.668877615956
2020-10-19,200.9877093925501
2020-10-20,201.91121648646404
2020-10-21,201.26530790848625
2020-10-22,202.96408467649286
2020-10-23,203.95570734939153
2020-10-26,199.87129226686588
2020-10-27,197.7592392870084
2020-10-28,191.8892363919645
2020-10-29,193.60032353570074
2020-10-30,192.7661321572142
2020-11-02,196.49101053698698
2020-11-03,200.46059256226872
2020-11-04,201.85932710795328
2020-11-05,205.679493350764
2020-11-06,205.71503990979423
2020-11-09,210.99791483168397
2020-11-10,212.325310107286
2020-11-11,212.6849127641623
2020-11-12,209.87087546437925
2020-11-13,213.92547214710632
2020-11-16,217.3663789981266
2020-11-17,216.57239131262577
2020-11-18,214.15909310078894
2020-11-19,215.07405562165718
2020-11-20,213.93271988535395
2020-11-23,216.27982849981157
2020-11-24,219.81569077877344
2020-11-25,218.78492865147504
2020-11-27,218.95364995968524
2020-11-30,217.35401437316514
2020-12-01,219.33785494360848
2020-12-02,219.17949679419334
2020-12-03,219.70532785485238
2020-12-04,222.49704464738252
2020-12-07,221.69558019154843
2020-12-08,222.38379161621623
2020-12-09,221.38093110917777
2020-12-10,221.02361722018236
2020-12-11,220.38270055126614
2020-12-14,219.20950641099526
2020-12-15,222.36869360063696
2020-12-16,222.11319546884587
2020-12-17,223.9420238079573
2020-12-18,223.54989738295168
2020-12-21,222.09421798215092
2020-12-22,221.7834970790367
2020-12-23,222.36534632328366
2020-12-24,223.0480151409678
2020-12-28,223.5499782597305
2020-12-29,222.50410817944743
2020-12-30,223.62904107802976
2020-12-31,225.43239695573115
2021-01-04,221.96312763240954
2021-01-05,223.5975054317937
2021-01-06,227.99144248424733
2021-01-07,230.26502143786956
2021-01-08,230.90071362539376
2021-01-11,230.55186511392628
2021-01-12,231.71623766344945
2021-01-13,231.298502421286
2021-01-14,231.5813831878088
2021-01-15,230.39061214515138
2021-01-19,231.5744743752869
2021-01-20,233.39539054324504
2021-01-21,232.36372424363813
2021-01-22,231.53702782210576
2021-01-25,231.62173002277382
2021-01-26,230.48541582312163
2021-01-27,225.02035190667647
2021-01-28,227.1193795362768
2021-01-29,223.30581216318103
2021-02-01,226.3366456377176
2021-02-02,229.37501637402158
2021-02-03,229.28561321987186
2021-02-04,231.91044173175243
2021-02-05,233.05970042075975
2021-02-08,235.35566431288672
2021-02-09,235.57685378179616
2021-02-10,236.01604739902328
2021-02-11,236.45423361265645
2021-02-12,237.44590436337285
2021-02-16,237.1186067294123
2021-02-17,237.21389584264094
2021-02-18,236.18136531479627
2021-02-19,236.84660112392532
2021-02-22,236.01847149188012
2021-02-23,236.3983736640789
2021-02-24,239.0166699871871
2021-02-25,234.1258023528904
2021-02-26,232.50893849288815
2021-03-01,237.4517299991893
2021-03-02,236.23911918504086
2021-03-03,234.10174466716663
2021-03-04,230.70334248686436
2021-03-05,235.69349602292164
2021-03-08,236.57581749463432
2021-03-09,238.07155486086847
2021-03-10,240.1693314598762
2021-03-11,241.97154938604203
2021-03-12,243.37499082700091
2021-03-15,245.86800910502296
2021-03-16,244.49403021147646
2021-03-17,245.03090738004394
2021-03-18,242.7726515004412
2021-03-19,242.76490347204475
2021-03-22,243.54297826976875
2021-03-23,240.9785941746025
2021-03-24,240.4497486369765
2021-03-25,242.92720918737172
2021-03-26,247.43082704401033
2021-03-29,246.69686476259304
2021-03-30,246.5190102393732
2021-03-31,246.42621832647626
2021-04-01,249.0158986358785
2021-04-05,251.69769185350557
2021-04-06,251.7784120853797
2021-04-07,250.941553470501
2021-04-08,251.5608430156406
2021-04-09,253.12330361798513
2021-04-12,253.53644954145236
2021-04-13,253.53748208822046
2021-04-14,253.5921188356165
2021-04-15,256.1643909732482
2021-04-16,257.38372896687906
2021-04-19,256.1518279294316
2021-04-20,254.9603632194795
2021-04-21,257.5587694616724
2021-04-22,256.2339487775127
2021-04-23,258.6662102452101
2021-04-26,258.8517067866013
2021-04-27,258.9898206024987
2021-04-28,258.5727619636961
2021-04-29,260.3639032399693
2021-04-30,258.49154231276873
2021-05-03,259.84111528379185
2021-05-04,259.3130775982118
2021-05-05,259.70032099046443
2021-05-06,261.10267103459284
2021-05-07,263.7543861083052
2021-05-10,262.75460955147133
2021-05-11,259.9973004739008
2021-05-12,254.10324232322586
2021-05-13,257.746221009609
2021-05-14,261.29264339879455
2021-05-17,260.69941754022045
2021-05-18,258.48575376193975
2021-05-19,257.4252693051739
2021-05-20,259.7689862976563
2021-05-21,260.17173289195114
2021-05-24,261.65528841680924
2021-05-25,260.5822905508178
2021-05-26,261.44751062407045
2021-05-27,262.36907494949503
2021-05-28,262.85975282920464
2021-06-01,263.1284439162476
2021-06-02,263.2816409173014
2021-06-03,262.9818311241429
2021-06-04,264.6037503713301
2021-06-07,264.1605539165469
2021-06-08,264.6167231586415
2021-06-09,263.81847519119606
2021-06-10,264.69103363669535
2021-06-11,265.4679067706819
2021-06-14,264.92437897548996
2021-06-15,264.78712094517306
2021-06-16,262.87299830974285
2021-06-17,261.2582180463805
2021-06-18,257.0926604000982
2021-06-21,261.6473606078223
2021-06-22,262.11017129565965
2021-06-23,261.6163722107945
2021-06-24,263.22329623756696
2021-06-25,265.04434476815203
2021-06-28,264.64931397789206
2021-06-29,264.5058865075794
2021-06-30,264.7038414550754
2021-07-01,266.49806673877595
2021-07-02,267.1876794370369
2021-07-06,265.21406998449845
2021-07-07,266.0657817026977
2021-07-08,263.25784045471534
2021-07-09,267.26590241542436
2021-07-12,267.929080837911
2021-07-13,265.6571654514498
2021-07-14,265.29260281734815
2021-07-15,264.76335310156264
2021-07-16,262.8652713248758
2021-07-19,258.15346877405614
2021-07-20,263.08511244095587
2021-07-21,265.4649406480858
2021-07-22,264.83587443906396
2021-07-23,266.99576225080966
2021-07-26,267.61766512085
2021-07-27,267.2792971603833
2021-07-28,267.3825951848727
2021-07-29,269.454991069729
2021-07-30,268.83032658404875
2021-08-02,268.3843642054747
2021-08-03,270.4848782296672
2021-08-04,268.22612400072916
2021-08-05,270.03021740609523
2021-08-06,271.1664621738731
2021-08-09,270.582910946802
2021-08-10,271.6804825381436
2021-08-11,273.5090508434586
2021-08-12,273.41214697199035
2021-08-13,273.4445365334743
2021-08-16,273.5925698949286
2021-08-17,271.47722284881706
2021-08-18,268.77495175463815
2021-08-19,268.1922513270248
2021-08-20,270.1799037754208
2021-08-23,272.12769846592886
2021-08-24,273.39575677206403
2021-08-25,274.83422354993064
2021-08-26,272.95180761831796
2021-08-27,275.9461282947382
2021-08-30,275.6387076596122
2021-08-31,275.66977246766623
2021-09-01,275.61632177719963
2021-09-02,277.3827205649272
2021-09-03,276.456381476667
2021-09-07,274.04119152186877
2021-09-08,273.94850318356566
2021-09-09,273.061765753747
2021-09-10,271.32658494520985
2021-09-13,272.4837201271625
2021-09-14,270.4479627544378
2021-09-15,272.9388027153877
2021-09-16,272.36556701865345
2021-09-17,270.2165815358939
2021-09-20,266.05591671544755
2021-09-21,265.4426185956056
2021-09-22,268.34992289902584
2021-09-23,271.94547952622656
2021-09-24,272.13187966259363
2021-09-27,272.6116545280403
2021-09-28,268.37673110749745
2021-09-29,268.76974428756205
2021-09-30,264.8548206795917
2021-10-01,267.9524685580288
2021-10-04,266.07568905434664
2021-10-05,268.2606227995133
2021-10-06,268.8998951468963
2021-10-07,271.2553606633539
2021-10-08,270.75873850006593
2021-10-11,269.27327741944634
2021-10-12,269.4404025982896
2021-10-13,270.1287516214911
2021-10-14,274.78368426925516
2021-10-15,275.7337717301147
2021-10-18,275.85916454981526
2021-10-19,277.55243783226786
2021-10-20,279.65133380789746
2021-10-21,280.11672125164205
2021-10-22,281.1713430360703
2021-10-25,281.8663521569914
2021-10-26,281.51739931361124
2021-10-27,277.97415572412876
2021-10-28,281.00520179445766
2021-10-29,280.8175174286327
2021-11-01,282.7771874300226
2021-11-02,283.60300631460416
2021-11-03,285.3326695214183
2021-11-04,285.32952359204296
2021-11-05,287.67922605692183
2021-11-08,288.0313063106538
2021-11-09,288.0159554469268
2021-11-10,286.1124282370807
2021-11-11,286.8621758617742
2021-11-12,288.27854862031296
2021-11-15,288.8071139376699
2021-11-16,289.44826739732605
2021-11-17,288.002436973293
2021-11-18,287.14791451023353
2021-11-19,285.5564229837818
2021-11-22,285.91776632184735
2021-11-23,286.966433323604
2021-11-24,287.22693981931576
2021-11-26,279.9167008537012
2021-11-29,282.3743204297016
2021-11-30,275.1691794677223
2021-12-01,271.8709151668173
2021-12-02,278.190073672162
2021-12-03,276.9487884143695
2021-12-06,280.9380513381503
2021-12-07,285.65920167116184
2021-12-08,286.4036803842881
2021-12-09,284.4033478859912
2021-12-10,286.25236242996846
2021-12-13,284.4075798508889
2021-12-14,282.7311299633941
2021-12-15,286.00553633367196
2021-12-16,285.43459290062344
2021-12-17,282.8273237867206
2021-12-20,279.27051925838316
2021-12-21,284.6421852828163
2021-12-22,286.9882350165762
2021-12-23,288.8847198160666
2021-12-27,292.70975756173743
2021-12-28,293.06807142848544
2021-12-29,294.0272865349974
2021-12-30,293.30391385610113
2021-12-31,293.43963186503726
2022-01-03,293.65934520026536
2022-01-04,295.9602220693414
2022-01-05,291.11349935320465
2022-01-06,291.8593906186004
2022-01-07,291.0300668858713
2022-01-10,289.71385010400866
2022-01-11,292.41291250611766
2022-01-12,292.82482395768113
2022-01-13,291.19692799255665
2022-01-14,290.87693151675495
2022-01-18,286.0015183003123
2022-01-19,282.9655764668375
2022-01-20,279.6436526914861
2022-01-21,275.61493917773123
2022-01-24,277.45775186980006
2022-01-25,274.6470644383518
2022-01-26,272.8867423087237
2022-01-27,271.28676424542937
2022-01-28,276.1841933529786
2022-01-31,280.7197584739144
2022-02-01,282.74945329506994
2022-02-02,284.9607302576195
2022-02-03,280.58624526475955
2022-02-04,280.1744771283183
2022-02-07,280.4157471753341
2022-02-08,282.87098858014497
2022-02-09,287.46465877118897
2022-02-10,282.7796477358379
2022-02-11,278.9364494734896
2022-02-14,276.8465034917751
2022-02-15,281.1687627340122
2022-02-16,282.0290014855232
2022-02-17,276.87041798310463
2022-02-18,275.7391576022221
2022-02-22,273.0222378816753
2022-02-23,268.52278293925116
2022-02-24,271.42567663501904
2022-02-25,278.7447139184009
2022-02-28,277.57816922457675
2022-03-01,272.7544135514532
2022-03-02,278.92314707688763
2022-03-03,278.19741477586103
2022-03-04,276.62693828334005
2022-03-07,268.6006386693884
2022-03-08,266.86065796052327
2022-03-09,272.7470079324049
2022-03-10,272.10627236172667
2022-03-11,269.3017722723629
2022-03-14,267.99146888644157
2022-03-15,272.44115364278025
2022-03-16,277.81197373998134
2022-03-17,281.37053777600414
2022-03-18,283.77064196818526
2022-03-21,283.3811315164025
2022-03-22,285.3195449237283
2022-03-23,281.5324974316914
2022-03-24,284.9985421536393
2022-03-25,287.10849081202656
2022-03-28,287.85580272685905
2022-03-29,292.065128960795
2022-03-30,290.2761813539839
2022-03-31,286.55933564268014
2022-04-01,287.77465964745505
2022-04-04,288.1316580670423
2022-04-05,285.1786988909761
2022-04-06,283.8508850396672
2022-04-07,284.8545356844926
2022-04-08,285.24672732948693
2022-04-11,282.37091113873953
2022-04-12,281.6858115345033
2022-04-13,284.86879148690537
2022-04-14,283.03886377833106
2022-04-18,282.407157159737
2022-04-19,287.4604839198974
2022-04-20,289.52576037172923
2022-04-21,285.31655488693707
2022-04-22,277.3404050071425
2022-04-25,278.0520547527385
2022-04-26,271.5171785258671
2022-04-27,272.1466669273784
2022-04-28,277.0047462276857
2022-04-29,268.3635594079282
2022-05-02,269.13006923071833
2022-05-03,271.09405934831443
2022-05-04,278.76876577594356
2022-05-05,269.91299231177567
2022-05-06,267.55479483036885
2022-05-09,259.33394887726126
2022-05-10,259.23962359901475
2022-05-11,256.0033148783266
2022-05-12,256.97269456329667
2022-05-13,263.0657165445828
2022-05-16,262.0095129936726
2022-05-17,267.53288316047355
2022-05-18,257.3215379100462
2022-05-19,256.84129112593087
2022-05-20,257.0981332842029
2022-05-23,260.7127902004184
2022-05-24,259.17761692776975
2022-05-25,262.1753530950501
2022-05-26,267.7001711750012
2022-05-27,273.8745999980341
2022-05-31,271.30394392556855
2022-06-01,268.46534579282104
2022-06-02,273.66960366589893
2022-06-03,270.4361841310817
2022-06-06,271.29308991859585
2022-06-07,273.9244528646735
2022-06-08,269.77504178826297
2022-06-09,263.81932279593036
2022-06-10,256.8305464957339
2022-06-13,246.50162974929958
2022-06-14,245.14241400465423
2022-06-15,247.65001303976518
2022-06-16,238.80402894827967
2022-06-17,239.38453017415847
2022-06-21,243.69505542471538
2022-06-22,243.36772569861444
2022-06-23,245.39297334995229
2022-06-24,253.33907165334196
2022-06-27,253.2680980328442
2022-06-28,249.40917647258325
2022-06-29,248.15696984465427
2022-06-30,246.73165936992777
2022-07-01,249.61601083302304
2022-07-05,248.7046203496274
2022-07-06,248.84547561937188
2022-07-07,252.60818447631328
2022-07-08,251.72130460112157
2022-07-11,249.43943618041558
2022-07-12,248.14841125750223
2022-07-13,247.02400819144384
2022-07-14,245.2717610879124
2022-07-15,250.0800793189757
2022-07-18,248.8717261693535
2022-07-19,256.29039500974704
2022-07-20,257.9759547973309
2022-07-21,260.0871908084769
2022-07-22,258.49410399011254
2022-07-25,259.31524695188017
2022-07-26,257.1887443752719
2022-07-27,262.3042121280849
2022-07-28,266.46857152170315
2022-07-29,269.49696649035343
2022-08-01,268.89100516930506
2022-08-02,267.08644008479257
2022-08-03,269.88241999648164
2022-08-04,269.31131357603186
2022-08-05,269.6053378247899
2022-08-08,270.4487444227176
2022-08-09,268.9699535319182
2022-08-10,274.8588139145803
2022-08-11,275.9391109093015
2022-08-12,280.4873248403667
2022-08-15,281.0624665901406
2022-08-16,282.07321131710137
2022-08-17,279.6392292150965
2022-08-18,280.9378009561764
2022-08-19,277.3005679044208
2022-08-22,271.65514794127057
2022-08-23,271.2863928950267
2022-08-24,272.7263261454564
2022-08-25,276.8202657250731
2022-08-26,268.0604254109156
2022-08-29,266.6053791515512
2022-08-30,263.44248508827815
2022-08-31,261.6145249739749
2022-09-01,261.6924843446506
2022-09-02,259.73607514445496
2022-09-06,259.02446883603415
2022-09-07,264.63563713170225
2022-09-08,266.93633766666005
2022-09-09,270.6986773393809
2022-09-12,273.0896911064551
2022-09-13,262.54330537633905
2022-09-14,262.66444380391016
2022-09-15,260.5140824122259
2022-09-16,257.8926477031634
2022-09-19,260.07332563146446
2022-09-20,255.95537194461917
2022-09-21,251.85193755947077
2022-09-22,248.231481972023
2022-09-23,243.8989041135491
2022-09-26,240.47396685414552
2022-09-27,239.80578871583162
2022-09-28,245.56130498152191
2022-09-29,241.10389396180904
2022-09-30,238.2506884771107
2022-10-03,245.18208677665595
2022-10-04,253.62114678383608
2022-10-05,252.68473148558778
2022-10-06,249.92242743906337
2022-10-07,243.70902024446207
2022-10-10,242.14968127742335
2022-10-11,241.09092120239004
2022-10-12,239.61466406826716
2022-10-13,245.30806636170362
2022-10-14,239.6496992174945
2022-10-17,245.3869880568544
2022-10-18,248.912353986492
2022-10-19,246.30826964555186
2022-10-20,243.79619735022172
2022-10-21,249.76548495322328
2022-10-24,252.38610156027198
2022-10-25,257.3407393052367
2022-10-26,257.8134448574278
2022-10-27,258.2485038852286
2022-10-28,263.90049826194524
2022-10-31,262.819926137215
2022-11-01,263.34938638329555
2022-11-02,257.05899005233664
2022-11-03,255.84564074383658
2022-11-04,260.0519238080936
2022-11-07,262.14697109808026
2022-11-08,263.7506284405204
2022-11-09,259.0785969866302
2022-11-10,273.5397407751573
2022-11-11,275.94888248510733
2022-11-14,272.81400447241793
2022-11-15,275.6889237449503
2022-11-16,272.7153136443252
2022-11-17,271.2792140350713
2022-11-18,273.35905786240744
2022-11-21,273.19619812346474
2022-11-22,276.7355932131548
2022-11-23,278.00375946942626
2022-11-25,278.72544384200415
2022-11-28,274.1056964273552
2022-11-29,274.9382878146169
2022-11-30,281.8999693590716
2022-12-01,281.8512800803112
2022-12-02,281.6857332908194
2022-12-05,276.5075584725154
2022-12-06,273.7413171200327
2022-12-07,273.43256411713867
2022-12-08,275.1688875691392
2022-12-09,273.0699172695262
2022-12-12,276.88408688888757
2022-12-13,278.5489696052887
2022-12-14,276.8388587588385
2022-12-15,270.9847526791172
2022-12-16,268.06134608673983
2022-12-19,266.0277545842222
2022-12-20,266.3739587088503
2022-12-21,270.2274131148075
2022-12-22,267.68854141403574
2022-12-23,269.5010456045257
2022-12-27,269.8999696946129
2022-12-28,266.3074417446693
2022-12-29,270.40331340818614
2022-12-30,269.2228461883952
2023-01-03,268.88442633762895
2023-01-04,272.31044095758017
2023-01-05,269.42479275662635
2023-01-06,275.9494185424126
2023-01-09,275.7439634736527
2023-01-10,277.49852354738607
2023-01-11,280.6238448047465
2023-01-12,281.5206672882013
2023-01-13,282.2418153839368
2023-01-17,281.5142277471577
2023-01-18,277.1611985378679
2023-01-19,274.5151519653461
2023-01-20,278.90836934608217
2023-01-23,281.75503395754384
2023-01-24,281.4945072290881
2023-01-25,282.0403285338796
2023-01-26,284.3247749247935
2023-01-27,284.33449052993615
2023-01-30,281.73780562125296
2023-01-31,286.2390836835732
2023-02-01,288.7684225044224
2023-02-02,291.0189470515276
2023-02-03,288.1487833273667
2023-02-06,286.32749599184467
2023-02-07,288.53744910583595
2023-02-08,285.96214082827777
2023-02-09,283.3880767914055
2023-02-10,284.9495367305086
2023-02-13,287.74358750593694
2023-02-14,286.8903879362913
2023-02-15,288.1876971680841
2023-02-16,285.533900829916
2023-02-17,285.32438940189405
2023-02-21,279.8110804730191
2023-02-22,279.3437072206523
2023-02-23,280.43866661212473
2023-02-24,278.42778984143706
2023-02-27,278.62384931093044
2023-02-28,277.7227223250562
2023-03-01,277.1795859664043
2023-03-02,279.4277567358152
2023-03-03,283.105913545318
2023-03-06,282.00910388396665
2023-03-07,277.56497080157544
2023-03-08,278.3301041315536
2023-03-09,272.90869720141484
2023-03-10,267.3854783293163
2023-03-13,265.3659349457144
2023-03-14,269.0658115537311
2023-03-15,265.2895644460821
2023-03-16,269.08289458578554
2023-03-17,264.7246825591084
2023-03-20,268.2177958973279
2023-03-21,271.5110169130797
2023-03-22,265.87488443190944
2023-03-23,265.3041110840853
2023-03-24,267.25654944842915
2023-03-27,268.8552113797526
2023-03-28,269.3880239108572
2023-03-29,273.3599456298172
2023-03-30,274.66523628105654
2023-03-31,278.73559887030484
2023-04-03,278.99895582074015
2023-04-04,276.15238437421755
2023-04-05,275.57996716506636
2023-04-06,275.6381854888532
2023-04-10,277.35741600983647
2023-04-11,278.9238527866051
2023-04-12,277.74740752928597
2023-04-13,279.9096053663146
2023-04-14,278.8944579855542
2023-04-17,280.69180920132374
2023-04-18,281.10961714162715
2023-04-19,281.0250967184084
2023-04-20,279.6702512035733
2023-04-21,279.55271912802675
2023-04-24,280.1432335715858
2023-04-25,275.51984715413596
2023-04-26,272.9972300120728
2023-04-27,277.50290592382123
2023-04-28,280.4024022064464
2023-05-01,280.4317252053984
2023-05-02,276.449487964473
2023-05-03,275.08329483287133
2023-05-04,272.8055192666607
2023-05-05,277.4938702552082
2023-05-08,277.0885159006949
2023-05-09,276.05940235720163
2023-05-10,276.14970491832685
2023-05-11,274.9432528349464
2023-05-12,275.11729404507383
2023-05-15,276.6776480880656
2023-05-16,272.98529109718885
2023-05-17,276.4424435654506
2023-05-18,278.6920648683812
2023-05-19,277.81314145813536
2023-05-22,278.32355078605076
2023-05-23,275.1797492159926
2023-05-24,272.27201103920004
2023-05-25,272.8965752110668
2023-05-26,275.6863978622142
2023-05-30,275.36683072996595
2023-05-31,273.0322461935972
2023-06-01,275.1709388507689
2023-06-02,281.0570846886201
2023-06-05,279.9908517493945
2023-06-06,281.91081498410966
2023-06-07,284.0579219048175
2023-06-08,284.35723103660666
2023-06-09,283.9852126040768
2023-06-12,285.8432109892733
2023-06-13,288.6137338144725
2023-06-14,288.2927736966638
2023-06-15,291.72314456668846
2023-06-16,291.4083191141075
2023-06-20,288.9343258700753
2023-06-21,288.67351339576237
2023-06-22,287.59526349569853
2023-06-23,285.1553469888512
2023-06-26,286.64439753380987
2023-06-27,290.31756234000227
2023-06-28,289.8770459572222
2023-06-29,292.1875355603259
2023-06-30,295.00392367982334
2023-07-03,295.855423858707
2023-07-05,294.5995912539674
2023-07-06,292.128296933113
2023-07-07,292.71014137247784
2023-07-10,295.13687284291683
2023-07-11,298.2212446363791
2023-07-12,299.58472903801635
2023-07-13,301.35121305982386
2023-07-14,299.6962884952509
2023-07-17,300.3147228657506
2023-07-18,302.18634478879005
2023-07-19,303.46724196575934
2023-07-20,303.2172942759855
2023-07-21,303.7966207294327
2023-07-24,304.5920114466611
2023-07-25,305.1161574560352
2023-07-26,305.62504310457655
2023-07-27,303.137208687956
2023-07-28,304.8206085747648
2023-07-31,305.7013527953081
2023-08-01,304.8611663608665
2023-08-02,302.372103719122
2023-08-03,301.3879759790965
2023-08-04,300.04213149188456
2023-08-07,303.02823730963445
2023-08-08,301.3508067592633
2023-08-09,300.4975323751491
2023-08-10,300.208714518191
2023-08-11,300.27959742501866
2023-08-14,300.5380989116723
2023-08-15,296.68302049211565
2023-08-16,294.4657934394938
2023-08-17,292.0124458842153
2023-08-18,292.50827591535506
2023-08-21,292.48835100726865
2023-08-22,291.5317676902083
2023-08-23,294.17196119902803
2023-08-24,291.2532433606793
2023-08-25,292.8155577059872
2023-08-28,294.91197722853263
2023-08-29,298.23377736359413
2023-08-30,299.01220738965145
2023-08-31,298.24566458893145
2023-09-01,299.280827645241
2023-09-05,295.8459349772064
2023-09-06,295.0069118013517
2023-09-07,294.04175539604677
2023-09-08,294.22169934594626
2023-09-11,294.90251811217996
2023-09-12,294.35294443567483
2023-09-13,293.5032609122755
2023-09-14,296.7293014468519
2023-09-15,294.0817598456372
2023-09-18,293.8502041574169
2023-09-19,293.2758649512166
2023-09-20,292.1867197451629
2023-09-21,287.08755214734083
2023-09-22,286.2325971020981
2023-09-25,287.0473303843628
2023-09-26,282.9865767374348
2023-09-27,283.2500519210542
2023-09-28,285.3250059198639
2023-09-29,284.29291030255814
2023-10-02,281.2777241805423
2023-10-03,277.78576504972375
2023-10-04,279.5936709744948
2023-10-05,278.7947927076557
2023-10-06,281.24323074815317
2023-10-09,283.36850941844
2023-10-10,285.53169342587137
2023-10-11,286.2501037750394
2023-10-12,282.6596686398287
2023-10-13,281.9866757300959
2023-10-16,285.49378776047485
2023-10-17,286.7734896992953
2023-10-18,282.2195499752961
2023-10-19,278.9026661775045
2023-10-20,275.5841416843166
2023-10-23,274.02844223308705
2023-10-24,275.9451731546092
2023-10-25,272.8619483922262
2023-10-26,272.59640023484235
2023-10-27,269.7585720724167
2023-10-30,271.9039821818262
2023-10-31,274.41335819223247
2023-11-01,275.954805131153
2023-11-02,281.905744822805
2023-11-03,286.5589554107338
2023-11-06,284.93433150945503
2023-11-07,284.56244614523746
2023-11-08,284.2107409903748
2023-11-09,281.8202947055311
2023-11-10,285.19781606473316
2023-11-13,284.80050217465225
2023-11-14,292.8954058385518
2023-11-15,293.99140008997296
2023-11-16,293.238828520173
2023-11-17,294.7094486888147
2023-11-20,296.04796156121057
2023-11-21,295.6018499137809
2023-11-22,297.0143031352525
2023-11-24,298.0316891606902
2023-11-27,297.46440275135444
2023-11-28,297.07523539700776
2023-11-29,298.2111704109093
2023-11-30,300.5543471605814
2023-12-01,305.0203020003
2023-12-04,304.9484756909287
2023-12-05,302.4971186988968
2023-12-06,302.56046068028957
2023-12-07,304.24162973939343
2023-12-08,305.30417116730933
2023-12-11,307.92028718636845
2023-12-12,308.66954077836357
2023-12-13,314.8537979766383
2023-12-14,318.8560249774294
2023-12-15,316.8865591539929
2023-12-18,317.1712397831443
2023-12-19,319.7220009384239
2023-12-20,314.42850912512455
2023-12-21,318.06943596774977
2023-12-22,319.0608543780303
2023-12-26,320.98848398332075
2023-12-27,321.4821961672793
2023-12-28,322.05725977055704
2023-12-29,320.9607188723279
2024-01-02,320.58833055888334
2024-01-03,316.4374915577815
2024-01-04,316.13637539126205
2024-01-05,316.86056384398677
2024-01-08,320.2807732378109
2024-01-09,318.7832358665486
2024-01-10,319.5827549454691
2024-01-11,318.87909208265285
2024-01-12,318.718338832924
2024-01-16,316.88569577337404
2024-01-17,314.54318750738423
2024-01-18,316.2876366595377
2024-01-19,319.1815249540618
2024-01-22,320.5773481622873
2024-01-23,320.7729045685991
2024-01-24,319.29775781322695
2024-01-25,322.2278375704482
2024-01-26,322.2234319228394
2024-01-29,324.18204109803906
2024-01-30,324.6976411062174
2024-01-31,320.6732533522927
2024-02-01,324.3480191294593
2024-02-02,324.18878883709795
2024-02-05,321.53523935339945
2024-02-06,323.4991400763107
2024-02-07,325.09594974612264
2024-02-08,326.1274024848159
2024-02-09,326.9802207807252
2024-02-12,328.64783572420333
2024-02-13,323.42978504952436
2024-02-14,326.7606670848647
2024-02-15,330.3308913400105
2024-02-16,328.8339669060035
2024-02-20,327.72741718241025
2024-02-21,328.6581555973549
2024-02-22,332.6037151384067
2024-02-23,333.24548797039324
2024-02-26,331.9150241169433
2024-02-27,333.22501257839565
2024-02-28,333.50471505950617
2024-02-29,335.5750960031312
2024-03-01,337.41974994287875
2024-03-04,338.5921669683606
2024-03-05,336.60112018355136
2024-03-06,338.7439187491283
2024-03-07,341.37490312194257
2024-03-08,340.63169350113674
2024-03-11,341.08696118573414
2024-03-12,342.26353718021096
2024-03-13,342.5669647693241
2024-03-14,339.57577232413723
2024-03-15,338.9641335010238
2024-03-18,339.8161865450233
2024-03-19,341.75340255900863
2024-03-20,344.6935665603788
2024-03-21,347.2651574336266
2024-03-22,345.19226249029464
2024-03-25,344.4200129626267
2024-03-26,343.81183973483087
2024-03-27,349.15573813137087
2024-03-28,350.61840702779836
2024-04-01,348.7420116397678
2024-04-02,345.6918231796843
2024-04-03,346.245552059021
2024-04-04,342.6205128200673
2024-04-05,345.1020044965486
2024-04-08,345.8723433567916
2024-04-09,346.8712467831429
2024-04-10,341.34346590656673
2024-04-11,341.182533224202
2024-04-12,336.037720213719
2024-04-15,333.0077768642049
2024-04-16,331.29759643084304
2024-04-17,330.51040938683366
2024-04-18,330.22209876183575
2024-04-19,331.10670653714556
2024-04-22,333.79463322483446
2024-04-23,336.8275371355062
2024-04-24,337.49259719119567
2024-04-25,336.707302328318
2024-04-26,337.1507828148601
2024-04-29,339.35886431064546
2024-04-30,334.5222987641986
2024-05-01,333.3730070579673
2024-05-02,335.6434267362537
2024-05-03,337.93360221287713
2024-05-06,340.8330392426031
2024-05-07,341.75032106392985
2024-05-08,341.47722499834407
2024-05-09,344.63088983234104
2024-05-10,345.4592588440403
2024-05-13,345.03685838746605
2024-05-14,346.50473215452894
2024-05-15,349.66292635526605
2024-05-16,349.08748048722055
2024-05-17,349.59932944334275
2024-05-20,349.5480446695306
2024-05-21,349.28415884575907
2024-05-22,347.8992076479035
2024-05-23,343.2161340015195
2024-05-24,345.5000210587886
2024-05-28,343.0142490901376
2024-05-29,339.1511720485388
2024-05-30,340.57860616282926
2024-05-31,344.9006490688191
2024-06-03,343.39289473959053
2024-06-04,342.52430685743906
2024-06-05,344.6821235385531
2024-06-06,343.70884579204284
2024-06-07,342.68531509558994
2024-06-10,343.87022235036045
2024-06-11,342.5003789241289
2024-06-12,344.7035092937082
2024-06-13,343.89028034975826
2024-06-14,341.6749821583568
2024-06-17,344.2129968319331
2024-06-18,345.179648939034
2024-06-20,345.45083193357607
2024-06-21,346.00545738542945
2024-06-24,347.5659315606399
2024-06-25,345.3464424992462
2024-06-26,344.16280756161825
2024-06-27,344.7042792416792
2024-06-28,344.85712175927785
2024-07-01,342.4091094265033
2024-07-02,343.90268905510635
2024-07-03,344.22563742475893
2024-07-05,344.01600297182426
2024-07-08,344.63580191282904
2024-07-09,343.9985923228743
2024-07-10,347.2150517135192
2024-07-11,351.1237349820464
2024-07-12,354.03061377119025
2024-07-15,354.4108870158779
2024-07-16,360.4310133780733
2024-07-17,358.7290577986968
2024-07-18,355.7411952427672
2024-07-19,353.51585252741665
2024-07-22,356.83380607492825
2024-07-23,355.6362749145729
2024-07-24,351.55936460266156
2024-07-25,351.8487626768635
2024-07-26,356.9514926416792
2024-07-29,357.3821929755057
2024-07-30,358.8430090211497
2024-07-31,360.4655549816711
2024-08-01,356.6724368722444
2024-08-02,350.1175531827955
2024-08-05,341.63525859660626
2024-08-06,345.25848925564424
2024-08-07,342.73959877404894
2024-08-08,349.402297861709
2024-08-09,350.02545172760057
2024-08-12,348.6759432774884
2024-08-13,352.74222070474354
2024-08-14,353.66158322668986
2024-08-15,358.4974018374578
2024-08-16,359.42688742583806
2024-08-19,362.131700539849
2024-08-20,360.7432372031556
2024-08-21,363.49898752626393
2024-08-22,362.3050345633848
2024-08-23,366.9732533516441
2024-08-26,366.8238472638484
2024-08-27,366.9548370884271
2024-08-28,365.8286365883493
2024-08-29,367.13789318051624
2024-08-30,370.2754535917932
2024-09-03,364.94817846781126
2024-09-04,364.5255121335326
2024-09-05,362.4056844616061
2024-09-06,358.1438841954861
2024-09-09,361.80763193226943
2024-09-10,362.0621722887405
2024-09-11,362.8901197214764
2024-09-12,365.1311386885108
2024-09-13,368.63221423143233
2024-09-16,371.27959360238367
2024-09-17,371.8067872645194
2024-09-18,371.0943085131044
2024-09-19,375.41209212247327
2024-09-20,373.9255443175128
2024-09-23,375.81366329620704
2024-09-24,376.24958304501666
2024-09-25,373.8947553210982
2024-09-26,377.0993094047916
2024-09-27,378.39703819903525
2024-09-30,378.8169298044087
2024-10-01,376.97184595538846
2024-10-02,376.613743056368
2024-10-03,374.7827870233373
2024-10-04,377.5196317768452
2024-10-07,374.55992262742535
2024-10-08,375.77666083092186
2024-10-09,378.6430667765309
2024-10-10,377.1750563952607
2024-10-11,380.9549402385178
2024-10-14,383.4733496067883
2024-10-15,382.02557362528114
2024-10-16,384.4640363353198
2024-10-17,383.9711089899988
2024-10-18,385.03690400278236
2024-10-21,381.8605341942935
2024-10-22,380.46868436409744
2024-10-23,379.33921523177884
2024-10-24,379.2486072434253
2024-10-25,377.36830185321077
2024-10-28,379.3865977076847
2024-10-29,378.2706862225892
2024-10-30,377.7320220007175
2024-10-31,373.6395672637645
2024-11-01,373.8963433918336
2024-11-04,374.4434816526406
2024-11-05,379.00450262156573
2024-11-06,387.68338645911047
2024-11-07,388.3623119832447
2024-11-08,390.79726059900497
2024-11-11,392.6590053469222
2024-11-12,389.86907005361206
2024-11-13,389.9438779204711
2024-11-14,386.98888664242713
2024-11-15,384.06400801377185
2024-11-18,385.94889144959603
2024-11-19,385.1795542413805
2024-11-20,386.4128220240081
2024-11-21,391.3862632987778
2024-11-22,394.4159818932267
2024-11-25,398.0076903677559
2024-11-26,398.0287324840014
2024-11-27,397.7983649883914
2024-11-29,398.9753951855731
2024-12-02,398.12652133587454
2024-12-03,396.5404891005557
2024-12-04,396.7916409281954
2024-12-05,394.8295960259189
2024-12-06,394.50063269205884
2024-12-09,392.80758961497145
2024-12-10,390.3513966840234
2024-12-11,390.64742692567876
2024-12-12,389.4123868105827
2024-12-13,388.2039731113693
2024-12-16,386.84767100294187
2024-12-17,383.9848192014464
2024-12-18,372.79041649211445
2024-12-19,371.4349568702189
2024-12-20,376.31763363710826
2024-12-23,377.07311427711863
2024-12-24,380.1445846585211
2024-12-26,380.51770693293054
2024-12-27,377.7378847329462
2024-12-30,374.0554264024135
2024-12-31,374.476875370742
2025-01-02,373.3810836598554
2025-01-03,376.8735927292954
2025-01-06,376.6457143555165
2025-01-07,375.35757314372864
2025-01-08,376.31207206605995
2025-01-10,370.1118670103715
2025-01-13,373.3336025851385
2025-01-14,376.15052204471044
2025-01-15,380.0578103738427
2025-01-16,383.06737406725193
2025-01-17,385.20428646873955
2025-01-21,389.9988522834026
2025-01-22,388.6596768885958
2025-01-23,390.4336297587395
2025-01-24,390.06549780918596
2025-01-27,389.6923514844189
2025-01-28,387.93368006285027
2025-01-29,386.812756276162
2025-01-30,390.8282080041505
2025-01-31,388.0006275052014
2025-02-03,385.6395454363155
2025-02-04,385.8301788739491
2025-02-05,388.46103491708544
2025-02-06,388.2027582680628
2025-02-07,386.14071905445815
2025-02-10,387.3325061971077
2025-02-11,387.13788950498656
2025-02-12,384.86856919339243
2025-02-13,387.95097553993475
2025-02-14,387.3317684167866
2025-02-18,390.19398245549866
2025-02-19,391.24865050937234
2025-02-20,390.1869521757755
2025-02-21,384.76188953976174
2025-02-24,385.08513678715434
2025-02-25,385.37412357503365
2025-02-26,384.7462921692966
2025-02-27,381.4626837244599
2025-02-28,386.2223486064442
2025-03-03,381.94062127204614
2025-03-04,375.4861644762599
2025-03-05,379.2222850941459
2025-03-06,374.7589735093466
2025-03-07,378.20552410369896
2025-03-10,372.3286700225069
2025-03-11,367.42028499446343
2025-03-12,366.10820052996655
2025-03-13,362.3069617063587
2025-03-14,369.3340304533595
2025-03-17,374.2813235474409
2025-03-18,372.10495895778524
2025-03-19,374.9685864450663
2025-03-20,373.550500720593
2025-03-21,371.7170946626206
2025-03-24,377.61918014028413
2025-03-25,376.6002830012286
2025-03-26,375.83168409428265
2025-03-27,374.72919564896637
2025-03-28,369.1258894534724
2025-03-31,372.0844481388246
2025-04-01,372.5077946441021
2025-04-02,375.9279110108898
2025-04-03,357.3077211472476
2025-04-04,337.17602925489183
2025-04-07,334.69105062461983
2025-04-08,328.36788643064995
2025-04-09,354.991185783022
2025-04-10,343.15286556168047
2025-04-11,348.40242189143873
2025-04-14,352.66904450901404
2025-04-15,351.6223720652816
2025-04-16,346.77428359862563
2025-04-17,349.281296172118
2025-04-21,342.1094345304946
2025-04-22,350.6896531843754
2025-04-23,354.37363096757707
2025-04-24,360.8994523252858
2025-04-25,360.4320181694992
2025-04-28,361.54047634613084
2025-04-29,363.5225012684035
2025-04-30,364.12843105394654
2025-05-01,363.64753479270166
2025-05-02,370.2094030575961
2025-05-05,368.7554421134956
2025-05-06,366.20511609696274
2025-05-07,368.70553039846794
2025-05-08,371.7088657392026
2025-05-09,371.6835484171574
2025-05-12,382.4127103774748
2025-05-13,383.26056969311014
2025-05-14,381.1600511913663
2025-05-15,384.704261294264
2025-05-16,388.31990004663436
2025-05-19,388.10197409894533
2025-05-20,386.7870825045091
2025-05-21,378.37375681756805
2025-05-22,377.26716552276224
2025-05-23,375.6458296163405
2025-05-27,382.6871000443238
2025-05-28,379.18973584851864
2025-05-29,380.80556383918395
2025-05-30,380.32463700204806
2025-06-02,380.362209462973
2025-06-03,383.5122406470381
2025-06-04,382.8180189195729
2025-06-05,382.0552678127999
2025-06-06,385.2913576904343
2025-06-09,385.3453386118651
2025-06-10,387.7788025496164
2025-06-11,386.4649240072076
2025-06-12,387.5980992001517
2025-06-13,382.74740255826754
2025-06-16,386.6983575383278
2025-06-17,382.9016458342148
2025-06-18,383.0937374016468
2025-06-20,383.625041351104
2025-06-23,386.72032680269587
2025-06-24,390.3343182995935
2025-06-25,387.7284031486489
2025-06-26,390.78646200520444
2025-06-27,392.70613175141216
2025-06-30,394.6204626327754
2025-07-01,399.21768417853434
2025-07-02,400.33752565891865
2025-07-03,402.40494475871395
2025-07-07,398.85848331911575
2025-07-08,399.87605991806
2025-07-09,401.1020764940121
2025-07-10,403.56111774713696
2025-07-11,400.6817541254164
2025-07-14,400.9894207615667
2025-07-15,395.5654499289093
2025-07-16,397.2632823706875
2025-07-17,400.2820978332922
2025-07-18,400.40747031138915
2025-07-21,399.2956495327719
2025-07-22,404.3151321657708
2025-07-23,407.5484231858392
2025-07-24,406.6597609875894
2025-07-25,408.80532282451753
2025-07-28,406.64919359478216
2025-07-29,406.62883835216934
2025-07-30,404.17691622446785
2025-07-31,400.5192322827147
2025-08-01,396.6149904851626
2025-08-04,401.44140473807914
2025-08-05,400.25953378972093
2025-08-06,399.42794511931015
2025-08-07,399.21790164587486
2025-08-08,400.52625708885
2025-08-11,399.2823708054458
2025-08-12,404.67342900810905
2025-08-13,410.08036349556454
2025-08-14,407.4893485293776
2025-08-15,406.58420766002666
2025-08-18,406.27944736622004
2025-08-19,408.4309514153094
2025-08-20,408.2443715958356
2025-08-21,406.9406805098184
2025-08-22,414.5947801969922
2025-08-25,411.4274902805295
2025-08-26,412.35116836170744
2025-08-27,413.8991543205284
2025-08-28,413.5415944910228
2025-08-29,413.3116818996176
2025-09-02,410.5829894855336
2025-09-03,409.8635207581626
2025-09-04,413.1739702368525
2025-09-05,413.38128896431357
2025-09-08,413.35725626765515
2025-09-09,412.18675510115145
2025-09-10,411.6503203320857
2025-09-11,417.9669642996425
2025-09-12,414.7466135605836
2025-09-15,413.9166884858368
2025-09-16,412.92078977546504
2025-09-17,413.48726505102775
2025-09-18,416.00468502175056
2025-09-19,415.2367979641233
2025-09-22,415.7289052397367
2025-09-23,416.3244497183178
2025-09-24,415.4154745585492
2025-09-25,412.341999910477
2025-09-26,416.44126274785356
2025-09-29,417.3650147190353
2025-09-30,418.71875812027406
2025-10-01,419.27645625147443
2025-10-02,420.12687575046454
2025-10-03,421.75659339094267
2025-10-06,421.6373407030245
2025-10-07,419.65288099545984
2025-10-08,420.9156602454141
2025-10-09,417.61407903978886
2025-10-10,408.4909221877864
2025-10-13,412.65569448150774
2025-10-14,416.3795122838909
2025-10-15,417.0902265929069
2025-10-16,413.6086735700638
2025-10-17,415.5385618953384
2025-10-20,419.7297756195981
2025-10-21,421.60744066498086
2025-10-22,419.4987977344771
2025-10-23,421.40378118537274
2025-10-24,422.60530795802606
2025-10-27,424.4445134100848
2025-10-28,420.6785148859911
2025-10-29,416.21731124082373
2025-10-30,414.5254975751197
2025-10-31,415.38033340397976
2025-11-03,414.1226006649557
2025-11-04,412.0662571758563
2025-11-05,414.4415971589331
2025-11-06,411.87758703807197
2025-11-07,415.6953772912405
2025-11-10,417.6642157569126
2025-11-11,420.4344071065246
2025-11-12,421.6441985788806
2025-11-13,416.9816261286884
2025-11-14,415.5746826787599
2025-11-17,410.2696318518326
2025-11-18,410.4798025222559
2025-11-19,409.21680656927373
2025-11-20,405.0024731226496
2025-11-21,412.9794510478656
2025-11-24,414.3820461088348
2025-11-25,420.55572623783456
2025-11-26,423.176890007767
2025-11-28,425.21271306352634
2025-12-01,422.525458176633
2025-12-02,422.17067646380605
2025-12-03,425.43249268939746
2025-12-04,425.6476285972445
2025-12-05,426.57590441701944
2025-12-08,424.0357801141168
2025-12-09,423.12721570337845
2025-12-10,428.9766979096225
2025-12-11,432.9026360570735
2025-12-12,430.44018975492247
2025-12-15,431.04107777109374
2025-12-16,427.8937996384599
2025-12-17,426.86627391346013
2025-12-18,427.5107878520803
2025-12-19,429.0148971124672
2025-12-22,432.5092375018323
2025-12-23,431.57305397945106
2025-12-24,433.1859344594439
2025-12-26,433.28211613093623
2025-12-29,432.469030198817
2025-12-30,431.7497593551121
2025-12-31,428.0654415823168
