Date,S&P 500
2016-01-04,98.46962689104056
2016-01-05,98.66777002997381
2016-01-06,97.37370308426516
2016-01-07,95.06590318321429
2016-01-08,94.03554333277036
2016-01-11,94.11578124070562
2016-01-12,94.85014771897397
2016-01-13,92.48217088004773
2016-01-14,94.02624445501414
2016-01-15,91.99536238628438
2016-01-19,92.04428750290556
2016-01-20,90.96793493723948
2016-01-21,91.44055323604533
2016-01-22,93.29530607939967
2016-01-25,91.83635575726552
2016-01-26,93.13531999247971
2016-01-27,92.12354595293971
2016-01-28,92.63285808921144
2016-01-29,94.92646779530479
2016-02-01,94.88439291168709
2016-02-02,93.10596611696783
2016-02-03,93.5707547248691
2016-02-04,93.71361224312822
2016-02-05,91.98166789258167
2016-02-08,90.67976528366415
2016-02-09,90.61958834578878
2016-02-10,90.60246574943223
2016-02-11,89.48795015944859
2016-02-12,91.23458040620748
2016-02-16,92.74147041475743
2016-02-17,94.26989058021893
2016-02-18,93.83005425957882
2016-02-19,93.82761158713032
2016-02-22,95.18381438651656
2016-02-23,93.99835976635391
2016-02-24,94.41569244448564
2016-02-25,95.48714772064619
2016-02-26,95.30857582282228
2016-02-29,94.53457713338473
2016-03-01,96.79100327306165
2016-03-02,97.1872955232324
2016-03-03,97.52732866713221
2016-03-04,97.84974351342062
2016-03-07,97.93634192540881
2016-03-08,96.83552680143214
2016-03-09,97.324777967644
2016-03-10,97.33994164819835
2016-03-11,98.93587871348926
2016-03-14,98.81112324948779
2016-03-15,98.62961297796056
2016-03-16,99.18197348344684
2016-03-17,99.83610205377992
2016-03-18,100.27594434672432
2016-03-21,100.37477403786778
2016-03-22,100.28670643902795
2016-03-23,99.64627236239755
2016-03-24,99.60859906703054
2016-03-28,99.66291120210784
2016-03-29,100.54160438548696
2016-03-30,100.97899206137433
2016-03-31,100.77301923153652
2016-04-01,101.41100466341415
2016-04-04,101.08564547111814
2016-04-05,100.06018291017973
2016-04-06,101.1115772162804
2016-04-07,99.90068655221033
2016-04-08,100.17906759907882
2016-04-11,99.90459841151048
2016-04-12,100.86989000687778
2016-04-13,101.88263753201461
2016-04-14,101.900255829626
2016-04-15,101.79995695163086
2016-04-18,102.46583304447296
2016-04-19,102.78188738670846
2016-04-20,102.86016040653723
2016-04-21,102.32590195530862
2016-04-22,102.33079924481414
2016-04-25,102.14537114168247
2016-04-26,102.33666404761223
2016-04-27,102.50545331103362
2016-04-28,101.55924920012937
2016-04-29,101.04504574665638
2016-05-02,101.834202144344
2016-05-03,100.95062361606789
2016-05-04,100.35129093745836
2016-05-05,100.32730616348977
2016-05-06,100.64580915047804
2016-05-09,100.7216454701626
2016-05-10,101.97901857840537
2016-05-11,101.00394434863553
2016-05-12,100.98682772458325
2016-05-13,100.13063221140823
2016-05-16,101.11157721628044
2016-05-17,100.1599860869201
2016-05-18,100.18053678593053
2016-05-19,99.80919682302093
2016-05-20,100.40999868848213
2016-05-23,100.20059775599042
2016-05-24,101.5714804792847
2016-05-25,102.27991521239079
2016-05-26,102.25839102778352
2016-05-27,102.69675816157195
2016-05-31,102.59352090987348
2016-06-01,102.70996889862836
2016-06-02,103.0000914957016
2016-06-03,102.70017431961729
2016-06-06,103.2031259518361
2016-06-07,103.33620083569271
2016-06-08,103.678198867699
2016-06-09,103.50010475421709
2016-06-10,102.55047254065894
2016-06-13,101.71825582914823
2016-06-14,101.53527637076934
2016-06-15,101.348379080786
2016-06-16,101.66590260987316
2016-06-17,101.33467861477905
2016-06-20,101.92324920108496
2016-06-21,102.19967133215123
2016-06-22,102.03088206872984
2016-06-23,103.39443080237439
2016-06-24,99.68052352741498
2016-06-27,97.87665471648404
2016-06-28,99.61593902898463
2016-06-29,101.31266470122122
2016-06-30,102.68697552716941
2016-07-01,102.88707160960058
2016-07-05,102.18255470809892
2016-07-06,102.72953416743337
2016-07-07,102.63999738174188
2016-07-08,104.20560111361982
2016-07-11,104.56079793807397
2016-07-12,105.29369522949065
2016-07-13,105.30788542444817
2016-07-14,105.8617210890904
2016-07-15,105.76338112689747
2016-07-18,106.01534069965317
2016-07-19,105.86319027594206
2016-07-20,106.31525787573747
2016-07-21,105.93119093241776
2016-07-22,106.41359783793041
2016-07-25,106.09313593513994
2016-07-26,106.12738112785307
2016-07-27,106.00018299140312
2016-07-28,106.17044144167618
2016-07-29,106.34363826565254
2016-08-01,106.20860446599374
2016-08-02,105.53294573874912
2016-08-03,105.86368000489266
2016-08-04,105.88618364740103
2016-08-05,106.7971750522996
2016-08-08,106.70029233234979
2016-08-09,106.7418834593212
2016-08-10,106.43610148043881
2016-08-11,106.94003257055873
2016-08-12,106.8549033454222
2016-08-15,107.15333939004633
2016-08-16,106.56623799059209
2016-08-17,106.7653665597307
2016-08-18,107.0002095084341
2016-08-19,106.84610016892077
2016-08-22,106.78591128643684
2016-08-23,106.99433276102744
2016-08-24,106.433652835686
2016-08-25,106.28834667267411
2016-08-26,106.12053686715383
2016-08-29,106.6753400450886
2016-08-30,106.46693051510655
2016-08-31,106.21397953984122
2016-09-01,106.2095839238948
2016-09-02,106.65577477628356
2016-09-06,106.97378803432127
2016-09-07,106.95812865251209
2016-09-08,106.7203592747139
2016-09-09,104.10335526443102
2016-09-12,105.63128570094196
2016-09-13,104.0647025111629
2016-09-14,104.00354611538643
2016-09-15,105.05494639379135
2016-09-16,104.65864817131634
2016-09-19,104.65670120012267
2016-09-20,104.68800801913247
2016-09-21,105.83090399903115
2016-09-22,106.51878206082253
2016-09-23,105.90770783200824
2016-09-26,104.99819755856987
2016-09-27,105.67482379910706
2016-09-28,106.23453621115593
2016-09-29,105.24428038391893
2016-09-30,106.08286357178685
2016-10-03,105.73695965278466
2016-10-04,105.21297356490915
2016-10-05,105.66504116470456
2016-10-06,105.71592519712796
2016-10-07,105.371980193928
2016-10-10,105.85731352853543
2016-10-11,104.53976348241729
2016-10-12,104.65962762921748
2016-10-13,104.33525983943113
2016-10-14,104.35629429508784
2016-10-17,104.03926049495125
2016-10-18,104.68018430053219
2016-10-19,104.90964023077952
2016-10-20,104.76531352566872
2016-10-21,104.75649840455874
2016-10-24,105.25407496293
2016-10-25,104.8543486378011
2016-10-26,104.67185890837276
2016-10-27,104.35923266879115
2016-10-28,104.03485293439626
2016-10-31,104.0221319262904
2016-11-01,103.31614583793707
2016-11-02,102.64195629754411
2016-11-03,102.18792978194648
2016-11-04,102.01767133167343
2016-11-07,104.28486553595823
2016-11-08,104.67822538472996
2016-11-09,105.83774825973033
2016-11-10,106.0442108185187
2016-11-11,105.89596628180348
2016-11-14,105.88373500264818
2016-11-15,106.67582977403913
2016-11-16,106.50704051061777
2016-11-17,107.0051067979396
2016-11-18,106.7497071779215
2016-11-21,107.54620950986742
2016-11-22,107.7790935427686
2016-11-23,107.86618168370734
2016-11-25,108.28841165134462
2016-11-28,107.71940633384378
2016-11-29,107.86324331000401
2016-11-30,107.5770385445352
2016-12-01,107.19884834862212
2016-12-02,107.24140698888608
2016-12-05,107.86569195475676
2016-12-06,108.23360978731675
2016-12-07,109.65831491673777
2016-12-08,109.89510483663484
2016-12-09,110.54777019242053
2016-12-12,110.42202929821367
2016-12-13,111.14416449732671
2016-12-14,110.2419882135381
2016-12-15,110.67008298397347
2016-12-16,110.47634143329094
2016-12-19,110.69454554228409
2016-12-20,111.09719829650774
2016-12-21,110.8241923234868
2016-12-22,110.61772976469841
2016-12-23,110.75619166701112
2016-12-27,111.00521286606349
2016-12-28,110.07759456606317
2016-12-29,110.04530828915226
2016-12-30,109.5350226672837
2017-01-03,110.46459988308624
2017-01-04,111.09670856755723
2017-01-05,111.01108961347015
2017-01-06,111.40151108853853
2017-01-09,111.0061923239646
2017-01-10,111.0061923239646
2017-01-11,111.32029969500643
2017-01-12,111.08153891469861
2017-01-13,111.28702201558586
2017-01-17,110.95677747839285
2017-01-18,111.15247794487759
2017-01-19,110.75129437750557
2017-01-20,111.12410949957112
2017-01-23,110.82517178138791
2017-01-24,111.55269399895704
2017-01-25,112.44802602204645
2017-01-26,112.36533349705414
2017-01-27,112.2679729927623
2017-01-30,111.5932937234188
2017-01-31,111.49398624793332
2017-02-01,111.52725198274531
2017-02-02,111.59085702327457
2017-02-03,112.40153760556943
2017-02-06,112.16376822777126
2017-02-07,112.18921024398294
2017-02-08,112.26699353486116
2017-02-09,112.91281462994766
2017-02-10,113.31546738417133
2017-02-13,113.9099027732753
2017-02-14,114.3663779336257
2017-02-15,114.93733022232018
2017-02-16,114.83801080222615
2017-02-17,115.03077289500756
2017-02-21,115.72648662000779
2017-02-22,115.60124739936006
2017-02-23,115.6496827870307
2017-02-24,115.82238988205651
2017-02-27,115.94029511305447
2017-02-28,115.64135739487126
2017-03-01,117.22262050855838
2017-03-02,116.53570996005958
2017-03-03,116.59442965569183
2017-03-06,116.21232162817432
2017-03-07,115.8737516988219
2017-03-08,115.60907111796037
2017-03-09,115.7015462773552
2017-03-10,116.07973647326828
2017-03-13,116.12229511353227
2017-03-14,115.72991472266168
2017-03-15,116.69912414963342
2017-03-16,116.50928848594677
2017-03-17,116.35615860433457
2017-03-20,116.12229511353227
2017-03-21,114.68145281796008
2017-03-22,114.89818774010152
2017-03-23,114.77636467749912
2017-03-24,114.67949390215786
2017-03-27,114.56256812906098
2017-03-28,115.39331565372004
2017-03-29,115.51855487436778
2017-03-30,115.85761453267074
2017-03-31,115.59635010985454
2017-04-03,115.40652639077645
2017-04-04,115.47109894459825
2017-04-05,115.11835076489689
2017-04-06,115.34047270549443
2017-04-07,115.24507111700484
2017-04-10,115.32432359473472
2017-04-11,115.15896243396722
2017-04-12,114.7259703740263
2017-04-13,113.94414796598844
2017-04-17,114.92558867211548
2017-04-18,114.59191603226861
2017-04-19,114.39523610788275
2017-04-20,115.25975104091293
2017-04-21,114.90992929030632
2017-04-24,116.15556084834435
2017-04-25,116.86302806815789
2017-04-26,116.80626728832783
2017-04-27,116.8708517867582
2017-04-28,116.647260659309
2017-05-01,116.84932760215094
2017-05-02,116.98826728880564
2017-05-03,116.83953302313988
2017-05-04,116.9075456242241
2017-05-05,117.38554496918174
2017-05-08,117.38994058512817
2017-05-09,117.26958670937742
2017-05-10,117.40217186428346
2017-05-11,117.14825337572556
2017-05-12,116.9750565517492
2017-05-15,117.53378950589696
2017-05-16,117.45305589670687
2017-05-17,115.31796906298611
2017-05-18,115.74312545971814
2017-05-19,116.52641705460769
2017-05-22,117.12770864901944
2017-05-23,117.34297438430923
2017-05-24,117.63505589718469
2017-05-25,118.15758474281711
2017-05-26,118.19427858028297
2017-05-30,118.05189884636587
2017-05-31,117.99759865589714
2017-06-01,118.89097176318433
2017-06-02,119.33178754172553
2017-06-05,119.18648137871364
2017-06-06,118.85525738361953
2017-06-07,119.04165300004375
2017-06-08,119.07346149261264
2017-06-09,118.97463180146917
2017-06-12,118.85818381271429
2017-06-13,119.39441312435366
2017-06-14,119.27551649084603
2017-06-15,119.0083872652317
2017-06-16,119.04214272899426
2017-06-19,120.0358147142766
2017-06-20,119.23197839268092
2017-06-21,119.16250854935357
2017-06-22,119.1081964142763
2017-06-23,119.29411424635852
2017-06-26,119.3317875417255
2017-06-27,118.36844291755186
2017-06-28,119.4110400194554
2017-06-29,118.38410229936105
2017-06-30,118.56561257088826
2017-07-03,118.83959800181032
2017-07-05,119.01230509683613
2017-07-06,117.89729977790195
2017-07-07,118.65221098287645
2017-07-10,118.76229249527412
2017-07-11,118.66933955153729
2017-07-12,119.53629118471167
2017-07-13,119.76037204111142
2017-07-14,120.32007250855175
2017-07-17,120.31370603219453
2017-07-18,120.3856364648832
2017-07-19,121.03242507326225
2017-07-20,121.01382731774974
2017-07-21,120.96930976168355
2017-07-24,120.84063049377336
2017-07-25,121.1938684024253
2017-07-26,121.22812553974698
2017-07-27,121.11020836414046
2017-07-28,120.94778557707629
2017-07-31,120.85971797823643
2017-08-01,121.1557173227163
2017-08-02,121.21540453164113
2017-08-03,120.95071200617105
2017-08-04,121.17920042312579
2017-08-07,121.37880677660642
2017-08-08,121.08574580582987
2017-08-09,121.04171797871422
2017-08-10,119.2897066858035
2017-08-11,119.44186905412315
2017-08-14,120.64151386924328
2017-08-15,120.58133693136793
2017-08-16,120.75257483954209
2017-08-17,118.8885231184315
2017-08-18,118.67031900943839
2017-08-21,118.80829118280052
2017-08-22,119.98933824240817
2017-08-23,119.57494393797974
2017-08-24,119.32689025221993
2017-08-25,119.52650855030909
2017-08-28,119.58472657238224
2017-08-29,119.68551517932795
2017-08-30,120.2378816571185
2017-08-31,120.92575971890989
2017-09-01,121.16549995711883
2017-09-05,120.25060266522436
2017-09-06,120.62683394533525
2017-09-07,120.60530976072796
2017-09-08,120.4257464603944
2017-09-11,121.73107717196577
2017-09-12,122.14057418688861
2017-09-13,122.23304934628345
2017-09-14,122.09850527557519
2017-09-15,122.32404337421809
2017-09-18,122.50213748769998
2017-09-19,122.63813880065135
2017-09-20,122.71593403613812
2017-09-21,122.34215140078003
2017-09-22,122.4214038785099
2017-09-25,122.14937736339007
2017-09-26,122.15819248450003
2017-09-27,122.65722628511442
2017-09-28,122.80498109287909
2017-09-29,123.25998706637785
2017-10-02,123.73749668238494
2017-10-03,124.00462590799923
2017-10-04,124.1592249764631
2017-10-05,124.86032571991943
2017-10-06,124.72627137816173
2017-10-09,124.50121106386085
2017-10-10,124.79035420303298
2017-10-11,125.01541451733385
2017-10-12,124.8045443979905
2017-10-13,124.91413618143761
2017-10-16,125.13283001938129
2017-10-17,125.21699173122525
2017-10-18,125.30994467496208
2017-10-19,125.35104607298295
2017-10-20,125.99244766290592
2017-10-23,125.49194467543987
2017-10-24,125.69497913157437
2017-10-25,125.10885719002125
2017-10-26,125.26786381904012
2017-10-27,126.27915410193384
2017-10-30,125.8760116187596
2017-10-31,125.99489630765868
2017-11-01,126.19549406364894
2017-11-02,126.21946689300898
2017-11-03,126.6103780970279
2017-11-06,126.77133169724044
2017-11-07,126.7473588678804
2017-11-08,126.93033832625929
2017-11-09,126.45284065486074
2017-11-10,126.3393310398092
2017-11-13,126.46360274716434
2017-11-14,126.1715212342889
2017-11-15,125.47433832243699
2017-11-16,126.50273328477446
2017-11-17,126.17054177638781
2017-11-20,126.33149537660032
2017-11-21,127.15784728531294
2017-11-22,127.06244569682335
2017-11-24,127.323698175031
2017-11-27,127.27477305840982
2017-11-28,128.5282402796567
2017-11-29,128.48078434988716
2017-11-30,129.5331640861932
2017-12-01,129.2709202054759
2017-12-04,129.134906947916
2017-12-05,128.65202225806135
2017-12-06,128.63734233415326
2017-12-07,129.01455307216526
2017-12-08,129.72494672107356
2017-12-11,130.14032048340306
2017-12-12,130.34189769729448
2017-12-13,130.28025157256744
2017-12-14,129.74989900833472
2017-12-15,130.91431917284064
2017-12-18,131.61638742958954
2017-12-19,131.1912310328575
2017-12-20,131.0826187073115
2017-12-21,131.3429036722266
2017-12-22,131.28272673435123
2017-12-26,131.14377510308796
2017-12-27,131.24750208373698
2017-12-28,131.48820983523848
2017-12-29,130.80668630519574
2018-01-02,131.89282150526435
2018-01-03,132.7367797669798
2018-01-04,133.27152794715894
2018-01-05,134.2089288815618
2018-01-08,134.43203028006045
2018-01-09,134.60718601983905
2018-01-10,134.45747229627216
2018-01-11,135.40319862283442
2018-01-12,136.31711645682776
2018-01-16,135.83666846711733
2018-01-17,137.11557770457588
2018-01-18,136.8939454929289
2018-01-19,137.49425762943955
2018-01-22,138.6033862009671
2018-01-23,138.9047606192945
2018-01-24,138.8269773284163
2018-01-25,138.91063736670114
2018-01-26,140.5555055209175
2018-01-29,139.60928946540471
2018-01-30,138.0877135606424
2018-01-31,138.1552364327761
2018-02-01,138.06569964708459
2018-02-02,135.1375266394632
2018-02-05,129.59969555581728
2018-02-06,131.8600335547943
2018-02-07,131.2005239383094
2018-02-08,126.27572599927994
2018-02-09,128.16179163394835
2018-02-12,129.94510974586885
2018-02-13,130.28464718851384
2018-02-14,132.0307817340179
2018-02-15,133.6242761268603
2018-02-16,133.6741807013826
2018-02-20,132.89333775124584
2018-02-21,132.16288910458192
2018-02-22,132.29155642788353
2018-02-23,134.4119752823048
2018-02-26,135.9922589380908
2018-02-27,134.2642204745401
2018-02-28,132.7744530623467
2018-03-01,131.00531320077516
2018-03-02,131.6697201067656
2018-03-05,133.12230395254255
2018-03-06,133.47359489000084
2018-03-07,133.4090103915705
2018-03-08,134.00442523857555
2018-03-09,136.3332655675874
2018-03-12,136.1595790146605
2018-03-13,135.29311711043667
2018-03-14,134.51862869204857
2018-03-15,134.41344446915642
2018-03-16,134.6424106704532
2018-03-19,132.72992356167197
2018-03-20,132.92660348605781
2018-03-21,132.68148817400132
2018-03-22,129.34283869355596
2018-03-23,126.63092282373405
2018-03-26,130.06987118217455
2018-03-27,127.82274392025388
2018-03-28,127.44992879818832
2018-03-29,129.20487846480236
2018-04-02,126.31877436849442
2018-04-03,127.9122687613368
2018-04-04,129.3917638101771
2018-04-05,130.27976184361677
2018-04-06,127.42399705302607
2018-04-09,127.84915344975812
2018-04-10,129.98768033074134
2018-04-11,129.26945101862418
2018-04-12,130.33602094988774
2018-04-13,129.95978966977688
2018-04-16,131.0136385929346
2018-04-17,132.4104411167826
2018-04-18,132.5205226291803
2018-04-19,131.76169359260138
2018-04-20,130.63690563926465
2018-04-23,130.64425157352295
2018-04-24,128.89615811221665
2018-04-25,129.13294803211372
2018-04-26,130.48034765499855
2018-04-27,130.62565381801045
2018-04-30,129.55615745765212
2018-05-01,129.8864019948451
2018-05-02,128.95045830268538
2018-05-03,128.65984597666161
2018-05-04,130.3081302889233
2018-05-07,130.75872870186706
2018-05-08,130.72399378020336
2018-05-09,131.98969228060554
2018-05-10,133.22652066214212
2018-05-11,133.4540176765872
2018-05-14,133.57192290758516
2018-05-15,132.65800507359182
2018-05-16,133.1966710853754
2018-05-17,133.0826717413733
2018-05-18,132.7323722064247
2018-05-21,133.71283345465065
2018-05-22,133.2935418607167
2018-05-23,133.7265339206576
2018-05-24,133.45597659238945
2018-05-25,133.1413914370056
2018-05-29,131.60171945028992
2018-05-30,133.27250740506
2018-05-31,132.35565119736333
2018-06-01,133.79160814803853
2018-06-04,134.39094082664806
2018-06-05,134.48536295723656
2018-06-06,135.6375518425872
2018-06-07,135.54068106724594
2018-06-08,135.9643682771263
2018-06-11,136.1096744401382
2018-06-12,136.34696603359438
2018-06-13,135.79801571384914
2018-06-14,136.13364726949825
2018-06-15,135.99518536718557
2018-06-18,135.70604222801344
2018-06-19,135.16004222658012
2018-06-20,135.39145707262966
2018-06-21,134.53232915805557
2018-06-22,134.7828195439596
2018-06-25,132.93296996241506
2018-06-26,133.2260309331916
2018-06-27,132.07970685063907
2018-06-28,132.89578639599858
2018-06-29,132.9965750029443
2018-07-02,133.40460283101552
2018-07-03,132.7446034855801
2018-07-05,133.8889686523304
2018-07-06,135.02451869797076
2018-07-09,136.2158381209315
2018-07-10,136.68895212099216
2018-07-11,135.71925296506987
2018-07-12,136.90666650103475
2018-07-13,137.05442130879942
2018-07-16,136.91351076173396
2018-07-17,137.45756379197363
2018-07-18,137.75454259435463
2018-07-19,137.2099998351644
2018-07-20,137.07986332501113
2018-07-23,137.3318228977668
2018-07-24,137.9883941405484
2018-07-25,139.24431000654806
2018-07-26,138.8220800389108
2018-07-27,137.91110057862076
2018-07-30,137.1175366203782
2018-07-31,137.78731860021617
2018-08-01,137.64397135300646
2018-08-02,138.32206678039532
2018-08-03,138.96445977282792
2018-08-06,139.456147639184
2018-08-07,139.84999721690622
2018-08-08,139.81330337944036
2018-08-09,139.6117381101575
2018-08-10,138.6185558538257
2018-08-13,138.06325100233187
2018-08-14,138.94537228836487
2018-08-15,137.88908666506293
2018-08-16,138.98108666792965
2018-08-17,139.4429369021276
2018-08-20,139.78150683148002
2018-08-21,140.07064997065214
2018-08-22,140.01488059333175
2018-08-23,139.77807872882613
2018-08-24,140.64454063304996
2018-08-27,141.72334184346883
2018-08-28,141.76150486778639
2018-08-29,142.56974874993708
2018-08-30,141.93811784980807
2018-08-31,141.95720533427112
2018-09-04,141.72236238556772
2018-09-05,141.32509664980014
2018-09-06,140.80893428052494
2018-09-07,140.49727555423587
2018-09-10,140.76391505089964
2018-09-11,141.29034978352794
2018-09-12,141.3407440870008
2018-09-13,142.08734184442443
2018-09-14,142.1264843266431
2018-09-17,141.3348792842027
2018-09-18,142.09370832078164
2018-09-19,142.27179048965496
2018-09-20,143.3872855375397
2018-09-21,143.33444258931408
2018-09-24,142.8305234438027
2018-09-25,142.64411588276994
2018-09-26,142.1749197143137
2018-09-27,142.56778983413486
2018-09-28,142.56681037623372
2018-10-01,143.08591111921228
2018-10-02,143.02915033938223
2018-10-03,143.13091840422902
2018-10-04,141.96161289482612
2018-10-05,141.17685211308492
2018-10-08,141.121070791156
2018-10-09,140.9209747087248
2018-10-10,136.2897155248139
2018-10-11,133.48582616915624
2018-10-12,135.38215222256918
2018-10-15,134.58272346152847
2018-10-16,137.4756598739271
2018-10-17,137.44092495226343
2018-10-18,135.4628858317593
2018-10-19,135.4139607151381
2018-10-22,134.83174466058088
2018-10-23,134.0885750058111
2018-10-24,129.95000703537448
2018-10-25,132.37033112127153
2018-10-26,130.0767154428739
2018-10-29,129.22346427570645
2018-10-30,131.247979868079
2018-10-31,132.67219526854947
2018-11-01,134.07292756861045
2018-11-02,133.2260309331917
2018-11-05,133.97213896166477
2018-11-06,134.81071020492413
2018-11-07,137.66989115356017
2018-11-08,137.32448890811713
2018-11-09,136.06123905246773
2018-11-12,133.3806300016556
2018-11-13,133.18297061936863
2018-11-14,132.17512038373735
2018-11-15,133.57535101023922
2018-11-16,133.87232981262022
2018-11-19,131.64427809055408
2018-11-20,129.2547710947163
2018-11-21,129.64813094348798
2018-11-23,128.7983078789744
2018-11-26,130.79885064198692
2018-11-27,131.22547622557065
2018-11-28,134.24024764518018
2018-11-29,133.9471866744036
2018-11-30,135.0416353220231
2018-12-03,136.51918339966974
2018-12-04,132.1007532509044
2018-12-06,131.89966576596356
2018-12-07,128.82374989518607
2018-12-10,129.05075718068062
2018-12-11,129.00477043776274
2018-12-12,129.70391226541688
2018-12-13,129.6779805202546
2018-12-14,127.20285457032976
2018-12-17,124.5604085438352
2018-12-18,124.57117063613883
2018-12-19,122.65330845351005
2018-12-20,120.718807431171
2018-12-21,118.23342106250163
2018-12-24,115.02784646591286
2018-12-26,120.73250789717798
2018-12-27,121.76630182258008
2018-12-28,121.61511891216155
2018-12-31,122.64793337966253
2019-01-02,122.8035119060275
2019-01-03,119.76329847020624
2019-01-04,123.8754569111386
2019-01-07,124.74387773116464
2019-01-08,125.95330518068732
2019-01-09,126.46946754996253
2019-01-10,127.04090956760761
2019-01-11,127.02232375670366
2019-01-14,126.3545006926679
2019-01-15,127.70923430520247
2019-01-16,127.99300237052707
2019-01-17,128.96464849764303
2019-01-18,130.66479630022923
2019-01-22,128.81493477407616
2019-01-23,129.09870283940074
2019-01-24,129.27630722393212
2019-01-25,130.3736942452549
2019-01-28,129.35067435676498
2019-01-29,129.16230787993
2019-01-30,131.1706863061514
2019-01-31,132.29841263319142
2019-02-01,132.41729732209052
2019-02-04,133.31458826098213
2019-02-05,133.94228938489815
2019-02-06,133.6443430692246
2019-02-07,132.39381422168103
2019-02-08,132.483339062764
2019-02-11,132.57728340901048
2019-02-12,134.28623438809808
2019-02-13,134.69231524497565
2019-02-14,134.3351595047193
2019-02-15,135.79655847160618
2019-02-19,136.00008265669123
2019-02-20,136.24176986609385
2019-02-21,135.76132187638342
2019-02-22,136.63170161221169
2019-02-25,136.80001309129105
2019-02-26,136.69187855008704
2019-02-27,136.61751141725415
2019-02-28,136.23149750274078
2019-03-01,137.17085735294583
2019-03-04,136.63855781751943
2019-03-05,136.48394680444702
2019-03-06,135.59351207086317
2019-03-07,134.4917174889854
2019-03-08,134.20502299456604
2019-03-11,136.17327948066765
2019-03-12,136.57544250594077
2019-03-13,137.52458499054833
2019-03-14,137.4052105726987
2019-03-15,138.0901622053953
2019-03-18,138.60191701411551
2019-03-19,138.58382093216213
2019-03-20,138.17578115948234
2019-03-21,139.67533120607825
2019-03-22,137.02506146098335
2019-03-25,136.9100946036887
2019-03-26,137.89348228100943
2019-03-27,137.25306014898757
2019-03-28,137.74572747324476
2019-03-29,138.67334577324505
2019-04-01,140.27760225839108
2019-04-02,140.28005090314386
2019-04-03,140.5814253214713
2019-04-04,140.87448629224787
2019-04-05,141.5276413769841
2019-04-08,141.67588591369932
2019-04-09,140.8162682701747
2019-04-10,141.30600916533712
2019-04-11,141.3113961837932
2019-04-12,142.24536901554217
2019-04-15,142.15584417445922
2019-04-16,142.22825239148986
2019-04-17,141.90485211499606
2019-04-18,142.12893297139584
2019-04-22,142.2727699475561
2019-04-23,143.53063278474943
2019-04-24,143.2160476293656
2019-04-25,143.16320468113997
2019-04-26,143.83396611887903
2019-04-29,143.98808740300092
2019-04-30,144.12508011846194
2019-05-01,143.04383026329032
2019-05-02,142.74000720021013
2019-05-03,144.11577526840142
2019-05-06,143.47143530477516
2019-05-07,141.1024849802521
2019-05-08,140.87595547909956
2019-05-09,140.45030935341694
2019-05-10,140.9728262544408
2019-05-13,137.57107340702527
2019-05-14,138.67383550219563
2019-05-15,139.48354857119799
2019-05-16,140.724294784339
2019-05-17,139.90284016513192
2019-05-20,138.95858302542132
2019-05-21,140.13915230068696
2019-05-22,139.7433438071625
2019-05-23,138.0784206551905
2019-05-24,138.26531794517385
2019-05-28,137.10725231241656
2019-05-29,136.15957901466064
2019-05-30,136.44530599578746
2019-05-31,134.6448593152061
2019-06-03,134.27253392209113
2019-06-04,137.15031262623967
2019-06-05,138.26971356112028
2019-06-06,139.11807938339072
2019-06-07,140.57849889237653
2019-06-10,141.23360094830645
2019-06-11,141.1841861027347
2019-06-12,140.89651215041425
2019-06-13,141.4738189708574
2019-06-14,141.24583222746173
2019-06-17,141.37743792446668
2019-06-18,142.7512590214643
2019-06-19,143.17739487609745
2019-06-20,144.5335976754837
2019-06-21,144.3515976750059
2019-06-24,144.10159701805244
2019-06-25,142.73315099490236
2019-06-26,142.55702774183123
2019-06-27,143.10204828536348
2019-06-28,143.92595154932332
2019-07-01,145.03019477595387
2019-07-02,145.45486144373535
2019-07-03,146.57084622057064
2019-07-05,146.30615369510056
2019-07-08,145.59869841989558
2019-07-09,145.77873950457118
2019-07-10,146.4363021498624
2019-07-11,146.77094230300182
2019-07-12,147.4490496749992
2019-07-15,147.47498142016147
2019-07-16,146.97300924584374
2019-07-17,146.013092724324
2019-07-18,146.53611129890695
2019-07-19,145.630996641415
2019-07-22,146.04294230109068
2019-07-23,147.04296881812166
2019-07-24,147.73232801137323
2019-07-25,146.9549012192818
2019-07-26,148.04055863500844
2019-07-29,147.80130812575004
2019-07-30,147.42017955613363
2019-07-31,145.81543334203704
2019-08-01,144.503270314375
2019-08-02,143.45089057806894
2019-08-05,139.1792357791672
2019-08-06,140.9909342810027
2019-08-07,141.09905687759814
2019-08-08,143.74640019359825
2019-08-09,142.7952868485799
2019-08-12,141.03643129497
2019-08-13,143.1705506153982
2019-08-14,138.9766910519832
2019-08-15,139.31916686833148
2019-08-16,141.32900253679597
2019-08-19,143.03991243168582
2019-08-20,141.90779048869933
2019-08-21,143.07807545600338
2019-08-22,143.0056672389727
2019-08-23,139.29519403897146
2019-08-26,140.82507144667608
2019-08-27,140.37398330478175
2019-08-28,141.29279842828063
2019-08-29,143.08542139026167
2019-08-30,143.17739487609737
2019-09-03,142.1895996382217
2019-09-04,143.7312305407396
2019-09-05,145.60114706464827
2019-09-06,145.73373221955433
2019-09-09,145.72003175354735
2019-09-10,145.76699795436633
2019-09-11,146.82084687752402
2019-09-12,147.24356657411184
2019-09-13,147.13690121975952
2019-09-16,146.67554071451212
2019-09-17,147.05422063937576
2019-09-18,147.1046149428486
2019-09-19,147.10755331655193
2019-09-20,146.3873770332411
2019-09-23,146.3731868382836
2019-09-24,145.14125574625254
2019-09-25,146.0351185824903
2019-09-26,145.6804114869867
2019-09-27,144.9059230685986
2019-09-30,145.63735117316364
2019-10-01,143.8520741454409
2019-10-02,141.27666126212947
2019-10-03,142.40290645770926
2019-10-04,144.4274339946904
2019-10-07,143.78064538631136
2019-10-08,141.54330075879324
2019-10-09,142.83198068604582
2019-10-10,143.74834716479194
2019-10-11,145.32080710197764
2019-10-14,145.11922988808627
2019-10-15,146.5639900152629
2019-10-16,146.27092904448637
2019-10-17,146.67505098556168
2019-10-18,146.10018086526276
2019-10-21,147.1041252138982
2019-10-22,146.57915966812155
2019-10-23,146.99649234625326
2019-10-24,147.27879122472618
2019-10-25,147.87861363228626
2019-10-28,148.7039741384892
2019-10-29,148.58019216008458
2019-10-30,149.06357852349834
2019-10-31,148.6129801105546
2019-11-01,150.04892511662123
2019-11-04,150.6047196970657
2019-11-05,150.42614779924176
2019-11-06,150.53182175108446
2019-11-07,150.942787952859
2019-11-08,151.3293035409315
2019-11-11,151.0323247385505
2019-11-12,151.26863687410557
2019-11-13,151.37626974175046
2019-11-14,151.50297814924986
2019-11-15,152.66886750060746
2019-11-18,152.7456832781931
2019-11-19,152.65516703460048
2019-11-20,152.08176610115322
2019-11-21,151.84105834965172
2019-11-22,152.1713028868447
2019-11-25,153.31369719318428
2019-11-26,153.65030820673448
2019-11-27,154.29170979665741
2019-11-29,153.67281184924286
2019-12-02,152.3464586266233
2019-12-03,151.33516834372958
2019-12-04,152.29214649154602
2019-12-05,152.5206229638922
2019-12-06,153.91400932969492
2019-12-09,153.42720680823584
2019-12-10,153.25890727376503
2019-12-11,153.70460839720326
2019-12-12,155.02266011688047
2019-12-13,155.03391193813465
2019-12-16,156.14206105176106
2019-12-17,156.1944142710361
2019-12-18,156.12689139890242
2019-12-19,156.82310679746175
2019-12-20,157.5985627291424
2019-12-23,157.7350657156529
2019-12-24,157.7042366809851
2019-12-26,158.51297029208632
2019-12-27,158.5183573105424
2019-12-30,157.6019908317963
2019-12-31,158.066289710747
2020-01-02,159.39069596217286
2020-01-03,158.26541827988558
2020-01-06,158.82462901837533
2020-01-07,158.3794056792791
2020-01-08,159.15585301346943
2020-01-09,160.2150770104747
2020-01-10,159.75763433683173
2020-01-13,160.87213798220682
2020-01-14,160.628491857002
2020-01-15,160.92889876203685
2020-01-16,162.27531892702058
2020-01-17,162.90205253764404
2020-01-21,162.47003993560423
2020-01-22,162.51700613642322
2020-01-23,162.7024342395549
2020-01-24,161.23125263826543
2020-01-27,158.6949702925641
2020-01-28,160.29042360120872
2020-01-29,160.15147196994545
2020-01-30,160.65344414426315
2020-01-31,157.80894311953517
2020-02-03,158.9537860706275
2020-02-04,161.33497961891442
2020-02-05,163.15009427879528
2020-02-06,163.69267812218328
2020-02-07,162.80859792034806
2020-02-10,164.001398474769
2020-02-11,164.27831033478583
2020-02-12,165.33998297654384
2020-02-13,165.07040510617676
2020-02-14,165.37471789820754
2020-02-18,164.89183320835286
2020-02-19,165.6677788689841
2020-02-20,165.0356701845131
2020-02-21,163.2998080023621
2020-02-24,157.82703920148856
2020-02-25,153.04803715442154
2020-02-26,152.46973893146873
2020-02-27,145.73618086430707
2020-02-28,144.5355565912858
2020-03-02,151.1898621807176
2020-03-03,146.9402332399822
2020-03-04,153.14149177171745
2020-03-05,147.94661428876182
2020-03-06,145.42355462472543
2020-03-09,134.37577117378947
2020-03-10,141.013437923511
2020-03-11,134.1223304695736
2020-03-12,121.36559603955001
2020-03-13,132.6369706179352
2020-03-16,116.74168278989741
2020-03-17,123.74091284043025
2020-03-18,117.3273269471085
2020-03-19,117.87968148029051
2020-03-20,112.76847598022827
2020-03-23,109.46505115039716
2020-03-24,119.73590948280079
2020-03-25,121.11706456944817
2020-03-26,128.6764848163719
2020-03-27,124.34171470589146
2020-03-30,128.50915279519367
2020-03-31,126.45137146800909
2020-04-01,120.86950061263894
2020-04-02,123.6288724122304
2020-04-03,121.75748670147004
2020-04-06,130.32085129702918
2020-04-07,130.11194009348804
2020-04-08,134.5430912503592
2020-04-09,136.4922721966063
2020-04-13,135.1130640811526
2020-04-14,139.24382027759745
2020-04-15,136.1762178543708
2020-04-16,136.96831262576174
2020-04-17,140.63818610130122
2020-04-20,138.12342794020716
2020-04-21,133.88652000757762
2020-04-22,136.956571075557
2020-04-23,136.8826936716747
2020-04-24,138.7878348461976
2020-04-27,140.82996873618154
2020-04-28,140.09168442630877
2020-04-29,143.81587003692553
2020-04-30,142.49097405654908
2020-05-01,138.49281495961884
2020-05-04,139.08138554592472
2020-05-05,140.33875865416746
2020-05-06,139.35927686384267
2020-05-07,140.9625538910876
2020-05-08,143.34080906567118
2020-05-11,143.35988460552568
2020-05-12,140.4209614502092
2020-05-13,137.96882887174328
2020-05-14,139.55889516193182
2020-05-15,140.10685407916742
2020-05-18,144.52038693842718
2020-05-19,143.00517751002212
2020-05-20,145.38637105830904
2020-05-21,144.25619608651624
2020-05-22,144.5957335291612
2020-05-26,146.37269710933307
2020-05-27,148.5430085936681
2020-05-28,148.22989262513593
2020-05-29,148.94322464774754
2020-06-01,149.50194565728677
2020-06-02,150.72948113337137
2020-06-03,152.78678467621393
2020-06-04,152.27209149379038
2020-06-05,156.26339438541285
2020-06-08,158.1450524595263
2020-06-09,156.91165218064359
2020-06-10,156.0779662822812
2020-06-11,146.87809738630466
2020-06-12,148.79644929788398
2020-06-15,150.0332776794206
2020-06-16,152.8782684330991
2020-06-17,152.32786087111077
2020-06-18,152.41837711470336
2020-06-19,151.55729028432708
2020-06-22,152.54166936415746
2020-06-23,153.1987303358896
2020-06-24,149.23775480537577
2020-06-25,150.87331810953162
2020-06-26,147.2181245579002
2020-06-29,149.3801225946843
2020-06-30,151.6820517206328
2020-07-01,152.44381913091505
2020-07-02,153.1361047532614
2020-07-06,155.56817038936316
2020-07-07,153.88515115543782
2020-07-08,155.08968131545495
2020-07-09,154.2144162347297
2020-07-10,155.82845535427825
2020-07-13,154.3695050321441
2020-07-14,156.43903985414195
2020-07-15,157.85982715195857
2020-07-16,157.3221405980761
2020-07-17,157.77029036626706
2020-07-20,159.09665553349518
2020-07-21,159.36378475910945
2020-07-22,160.27966150890504
2020-07-23,158.3050385464462
2020-07-24,157.32506702717083
2020-07-27,158.48850773377566
2020-07-28,157.46254947158243
2020-07-29,159.41955413642984
2020-07-30,158.82169064467195
2020-07-31,160.0399332153046
2020-08-03,161.18918372695188
2020-08-04,161.77138783690054
2020-08-05,162.8115362940513
2020-08-06,163.8580392829507
2020-08-07,163.9617662635997
2020-08-10,164.41138521864235
2020-08-11,163.10116916217396
2020-08-12,165.38402274826797
2020-08-13,165.04545281891555
2020-08-14,165.01708437360907
2020-08-17,165.46425468389893
2020-08-18,165.8453832535153
2020-08-19,165.11493460685142
2020-08-20,165.63647204997417
2020-08-21,166.20644488076758
2020-08-24,167.87577559329455
2020-08-25,168.47951583245904
2020-08-26,170.19726998804808
2020-08-27,170.48201751127377
2020-08-28,171.62979883606943
2020-08-31,171.25307782700798
2020-09-01,172.54175775426054
2020-09-02,175.1930189018651
2020-09-03,169.03921629989935
2020-09-04,167.6644157450006
2020-09-08,163.0106648631899
2020-09-09,166.2945124796074
2020-09-10,163.37025730359045
2020-09-11,163.45734544452918
2020-09-14,165.54009100358346
2020-09-15,166.4041042630545
2020-09-16,165.63549259207306
2020-09-17,164.2421062262704
2020-09-18,162.40545543717374
2020-09-21,160.52624600781306
2020-09-22,162.21465226019453
2020-09-23,158.36668467117318
2020-09-24,158.83979867123386
2020-09-25,161.37753825917832
2020-09-28,163.9774256454089
2020-09-29,163.18825730311275
2020-09-30,164.53516719704703
2020-10-01,165.40603666182585
2020-10-02,163.8218351744354
2020-10-05,166.7661572928165
2020-10-06,164.43584777695298
2020-10-07,167.29649791244066
2020-10-08,168.6365635456757
2020-10-09,170.11947475256136
2020-10-12,172.91212423157336
2020-10-13,171.82158147094978
2020-10-14,170.68358278055663
2020-10-15,170.42282003129955
2020-10-16,170.44581340275846
2020-10-19,167.66245682919842
2020-10-20,168.45505327414847
2020-10-21,168.08517652578624
2020-10-22,168.96240052231371
2020-10-23,169.5446046322624
2020-10-26,166.3928524418004
2020-10-27,165.88941108063102
2020-10-28,160.0355256547496
2020-10-29,161.94752303458026
2020-10-30,159.98317243547456
2020-11-02,161.95387756632894
2020-11-03,164.83654161537447
2020-11-04,168.47070071134914
2020-11-05,171.7491732539191
2020-11-06,171.69975840834738
2020-11-09,173.70862656351932
2020-11-10,173.46547016726507
2020-11-11,174.7928028477857
2020-11-12,173.04862721808388
2020-11-13,175.4038770766
2020-11-16,177.44699042448505
2020-11-17,176.59667763102095
2020-11-18,174.55454374103704
2020-11-19,175.24341320533804
2020-11-20,174.0530612956699
2020-11-23,175.03401227284635
2020-11-24,177.86285391576519
2020-11-25,177.5810447662428
2020-11-27,178.00670283653398
2020-11-30,177.1886643753722
2020-12-01,179.1857909803394
2020-12-02,179.50674261208044
2020-12-03,179.39470218388053
2020-12-04,180.9798831291721
2020-12-07,180.62957164961492
2020-12-08,181.13301301078428
2020-12-09,179.69315017311317
2020-12-10,179.4622250560142
2020-12-11,179.23520582591112
2020-12-14,178.4538731468238
2020-12-15,180.75972010437673
2020-12-16,181.08017006255864
2020-12-17,182.12276716446215
2020-12-18,181.48331254573287
2020-12-21,180.77438808367623
2020-12-22,180.39962599041704
2020-12-23,180.5341700611253
2020-12-24,181.1726452219535
2020-12-28,182.75292887773952
2020-12-29,182.34586856296087
2020-12-30,182.59049414606682
2020-12-31,183.76616613182694
2021-01-04,181.054728046347
2021-01-05,182.33706538645947
2021-01-06,183.37818135690276
2021-01-07,186.1008712636369
2021-01-08,187.12291169422568
2021-01-11,185.89636762065072
2021-01-12,185.97366118257835
2021-01-13,186.39687060811673
2021-01-14,185.69723905151207
2021-01-15,184.36207070778258
2021-01-19,185.86211048332905
2021-01-20,188.4522152351571
2021-01-21,188.51190244408193
2021-01-22,187.94436631343277
2021-01-25,188.62394287228184
2021-01-26,188.34311318066057
2021-01-27,183.50686062481296
2021-01-28,185.2980024553338
2021-01-29,181.71962468128805
2021-02-01,184.6365458676552
2021-02-02,187.20266584551467
2021-02-03,187.39151010669167
2021-02-04,189.42533054912474
2021-02-05,190.1636148589975
2021-02-08,191.57070169080714
2021-02-09,191.357382926711
2021-02-10,191.29132924142897
2021-02-11,191.60934249946672
2021-02-12,192.51202045681444
2021-02-16,192.40242867336733
2021-02-17,192.34078254864028
2021-02-18,191.49143726846873
2021-02-19,191.1362404440146
2021-02-22,189.65821458202592
2021-02-23,189.8964856333832
2021-02-24,192.05211719381018
2021-02-25,187.3509103822299
2021-02-26,186.46095343298802
2021-03-01,190.89700187936472
2021-03-02,189.35439151894573
2021-03-03,186.88024502692198
2021-03-04,184.37283280008623
2021-03-05,187.96735968489173
2021-03-08,186.95999917821098
2021-03-09,189.60635109170144
2021-03-10,190.74973680055064
2021-03-11,192.7326732105603
2021-03-12,192.92837367704504
2021-03-15,194.18084949578224
2021-03-16,193.87604697480094
2021-03-17,194.43429019999814
2021-03-18,191.56433521444993
2021-03-19,191.4488786282047
2021-03-22,192.7938296063368
2021-03-23,191.32264800504734
2021-03-24,190.27662280048995
2021-03-25,191.27372288842614
2021-03-26,194.4548349267043
2021-03-29,194.28604566328292
2021-03-30,193.67252278971588
2021-03-31,194.3741013175142
2021-04-01,196.67261428541735
2021-04-05,199.51221802063975
2021-04-06,199.31798674100668
2021-04-07,199.61202716968435
2021-04-08,200.4545162445482
2021-04-09,202.00201194986417
2021-04-12,201.96240362791204
2021-04-13,202.6277661025865
2021-04-14,201.79947916728875
2021-04-15,204.03828103705
2021-04-16,204.77461837572912
2021-04-19,203.68796955749286
2021-04-20,202.30241885489906
2021-04-21,204.1850563869136
2021-04-22,202.3043777707013
2021-04-23,204.5153009241066
2021-04-26,204.8798025986213
2021-04-27,204.83577477150564
2021-04-28,204.66257794752926
2021-04-29,206.04667140787996
2021-04-30,204.5642260407278
2021-05-03,205.1263870975294
2021-05-04,203.7564838321362
2021-05-05,203.89981913473733
2021-05-06,205.5647542313179
2021-05-07,207.0804533886735
2021-05-10,204.91943480979052
2021-05-11,203.1419815006681
2021-05-12,198.78470774767925
2021-05-13,201.20454210462572
2021-05-14,204.20610278717888
2021-05-17,203.6894506889531
2021-05-18,201.95456796470324
2021-05-19,201.36013257559924
2021-05-20,203.48543677491747
2021-05-21,203.3259284723395
2021-05-24,205.34115115926008
2021-05-25,204.90474294127387
2021-05-26,205.28931155815272
2021-05-27,205.52853817819403
2021-05-28,205.68656534931176
2021-06-01,205.58529895802405
2021-06-02,205.88276748935561
2021-06-03,205.13568000298142
2021-06-04,206.9478682337675
2021-06-07,206.782984857342
2021-06-08,206.81917702124878
2021-06-09,206.44196628323675
2021-06-10,207.40238447831564
2021-06-11,207.8064944747824
2021-06-14,208.1837052127944
2021-06-15,207.764903347811
2021-06-16,206.64502462858837
2021-06-17,206.55498616933778
2021-06-18,203.8440617020255
2021-06-21,206.698345361156
2021-06-22,207.75756935816122
2021-06-23,207.53250904386036
2021-06-24,208.7385322799463
2021-06-25,209.433756275996
2021-06-28,209.9185879370443
2021-06-29,209.97680595911748
2021-06-30,210.25568867954507
2021-07-01,211.35356542981842
2021-07-02,212.93873443050143
2021-07-06,212.50820295992182
2021-07-07,213.22201276687545
2021-07-08,211.396613799033
2021-07-09,213.78073377641465
2021-07-12,214.51852835733683
2021-07-13,213.7641068813129
2021-07-14,214.01312808036522
2021-07-15,213.31496571061223
2021-07-16,211.70681528307887
2021-07-19,208.34713134697677
2021-07-20,211.50621752708858
2021-07-21,213.2494136988893
2021-07-22,213.6794673851269
2021-07-23,215.8473421693177
2021-07-26,216.36153367818216
2021-07-27,215.3419418923461
2021-07-28,215.3018318968349
2021-07-29,216.20742433866883
2021-07-30,215.03859661360792
2021-08-02,214.64232228035002
2021-08-03,216.40312480515357
2021-08-04,215.4006615879784
2021-08-05,216.69423880473647
2021-08-06,217.05725934779093
2021-08-09,216.85324543375532
2021-08-10,217.06851116904514
2021-08-11,217.34543497367054
2021-08-12,218.24663179955803
2021-08-13,218.59742106345718
2021-08-16,219.1703322679539
2021-08-17,217.6228365626379
2021-08-18,215.28372387027295
2021-08-19,215.55426925393255
2021-08-20,217.30921892054658
2021-08-23,219.16151714684386
2021-08-24,219.48932498389263
2021-08-25,219.9766172343023
2021-08-26,218.6952712966995
2021-08-27,220.6214588714877
2021-08-30,221.57158081399638
2021-08-31,221.27265504042174
2021-09-01,221.34162321018997
2021-09-02,221.97081741017476
2021-09-03,221.89645027734187
2021-09-07,221.14298437000195
2021-09-08,220.85139258607705
2021-09-09,219.83423750038526
2021-09-10,218.1365502871604
2021-09-13,218.63313544302204
2021-09-14,217.37672984807182
2021-09-15,219.21877960023312
2021-09-16,218.878740484029
2021-09-17,216.8845641973737
2021-09-20,213.20244749807037
2021-09-21,213.02925067409402
2021-09-22,215.05720631372904
2021-09-23,217.6668643897536
2021-09-24,217.98487764779128
2021-09-27,217.3796682217751
2021-09-28,212.95292462545893
2021-09-29,213.28708699425633
2021-09-30,210.7468987615591
2021-10-01,213.16869203430778
2021-10-04,210.40050511360639
2021-10-05,212.61486831427413
2021-10-06,213.48718307668753
2021-10-07,215.2587596384033
2021-10-08,214.84681397872762
2021-10-11,213.37172649044226
2021-10-12,212.85605385011758
2021-10-13,213.49941435584276
2021-10-14,217.14237662831883
2021-10-15,218.76230443988257
2021-10-18,219.50057680514684
2021-10-19,221.12341910119682
2021-10-20,221.93362189914967
2021-10-21,222.59850658948213
2021-10-22,222.35975775378284
2021-10-25,223.41556559274278
2021-10-26,223.82213617857087
2021-10-27,222.69148342243605
2021-10-28,224.880380717675
2021-10-29,225.31874785146346
2021-11-01,225.7243389793905
2021-11-02,226.55508650404954
2021-11-03,228.0189221710807
2021-11-04,228.97248416085182
2021-11-05,229.82719257026235
2021-11-08,230.0312303735151
2021-11-09,229.22640264940975
2021-11-10,227.34082674369188
2021-11-11,227.46607790894817
2021-11-12,229.10898714736234
2021-11-15,229.106526558001
2021-11-16,229.9920759466879
2021-11-17,229.39372272597947
2021-11-18,230.1701700601698
2021-11-19,229.8482389705277
2021-11-22,229.1133827633088
2021-11-23,229.4930540906821
2021-11-24,230.01947687870182
2021-11-26,224.79232506344383
2021-11-29,227.75962860867529
2021-11-30,223.44100760895452
2021-12-01,220.8010102272127
2021-12-02,223.9351560646719
2021-12-03,222.0432256272054
2021-12-06,224.64798641372442
2021-12-07,229.2997903243415
2021-12-08,230.00724559954645
2021-12-09,228.35554512923943
2021-12-10,230.53612897692753
2021-12-13,228.42991226207232
2021-12-14,226.72338603852035
2021-12-15,230.42996529613427
2021-12-16,228.41522039355567
2021-12-17,226.06535755349563
2021-12-20,223.49091218347672
2021-12-21,227.4641189931458
2021-12-22,229.77974858510123
2021-12-23,231.2098287883698
2021-12-27,234.4095266375519
2021-12-28,234.1727367176548
2021-12-29,234.50102233904562
2021-12-30,233.7999215955893
2021-12-31,233.18592093768027
2022-01-03,234.6722602472198
2022-01-04,234.52450543945514
2022-01-05,229.9764285094871
2022-01-06,229.75478435323157
2022-01-07,228.82422767952795
2022-01-10,228.49448481589408
2022-01-11,230.58749079369284
2022-01-12,231.2372297203838
2022-01-13,227.94357558034665
2022-01-14,228.13048481493854
2022-01-18,223.9356338490139
2022-01-19,221.7658001490209
2022-01-20,219.3180870757185
2022-01-21,215.16972452627078
2022-01-24,215.766118831177
2022-01-25,213.13983386005074
2022-01-26,212.82084114411194
2022-01-27,211.6749948459014
2022-01-28,216.82878287544474
2022-01-31,220.92380080310772
2022-02-01,222.44000163402245
2022-02-02,224.53594598552456
2022-02-03,219.05927129765507
2022-02-04,220.1889445958888
2022-02-07,219.37386839764747
2022-02-08,221.2168737184928
2022-02-09,224.4283250624882
2022-02-10,220.36264309342423
2022-02-11,216.1824839960162
2022-02-14,215.35221425569918
2022-02-15,218.747612571366
2022-02-16,218.94037466414744
2022-02-17,214.3047198642901
2022-02-18,212.76897765378743
2022-02-22,210.6108735593906
2022-02-23,206.73308028281966
2022-02-24,209.8251572089654
2022-02-25,214.51950781523794
2022-02-28,213.99552172736242
2022-03-01,210.6842612343224
2022-03-02,214.61198297463278
2022-03-03,213.4842685922013
2022-03-04,211.79047532136374
2022-03-07,205.5388105415471
2022-03-08,204.05199344766558
2022-03-09,209.29577215802536
2022-03-10,208.3975137058412
2022-03-11,205.6963599283229
2022-03-14,204.16988673405507
2022-03-15,208.5408728976594
2022-03-16,213.20880202981905
2022-03-17,215.8414654219111
2022-03-18,218.35867222775795
2022-03-21,218.2637603682189
2022-03-22,220.73103871032635
2022-03-23,218.02207315881628
2022-03-24,221.1493627909677
2022-03-25,222.26974318374943
2022-03-28,223.85785055813577
2022-03-29,226.60157492052656
2022-03-30,225.17541254886245
2022-03-31,221.65084523633487
2022-04-01,222.40672395460197
2022-04-04,224.20620312189078
2022-04-05,221.3920294582715
2022-04-06,219.24078156918245
2022-04-07,220.17329715868829
2022-04-08,219.58961191727937
2022-04-11,215.88353433322456
2022-04-12,215.14576364151944
2022-04-13,217.5499266720482
2022-04-14,214.90797037450417
2022-04-18,214.86394254738852
2022-04-19,218.3141427270832
2022-04-20,218.17912087203294
2022-04-21,214.96033553838777
2022-04-22,208.99732416879272
2022-04-25,210.18817775201998
2022-04-26,204.27215647246095
2022-04-27,204.70072902723834
2022-04-28,209.76643751333324
2022-04-29,202.15516572069356
2022-05-02,203.3024453719301
2022-05-03,204.28584499385934
2022-05-04,210.3863149186489
2022-05-05,202.88610409630797
2022-05-06,201.7348827242499
2022-05-09,195.27188198535643
2022-05-10,195.75184024611633
2022-05-11,192.52913708086672
2022-05-12,192.2796261528638
2022-05-13,196.8692822651947
2022-05-16,196.0923571466624
2022-05-17,200.04746787437813
2022-05-18,191.96649823972308
2022-05-19,190.84660757589188
2022-05-20,190.87449823685634
2022-05-23,194.41618217343623
2022-05-24,192.83736770450187
2022-05-25,194.659828298641
2022-05-26,198.53029953017077
2022-05-27,203.44238840570293
2022-05-31,202.16591586838857
2022-06-01,200.65315508473626
2022-06-02,204.35139700558219
2022-06-03,201.01080055394314
2022-06-06,201.64145199617104
2022-06-07,203.56176282355256
2022-06-08,201.36452819154567
2022-06-09,196.57231540742225
2022-06-10,190.85003567854574
2022-06-13,183.45107930288398
2022-06-14,182.75879368053762
2022-06-15,185.42570226534278
2022-06-16,179.39715082863333
2022-06-17,179.7919798642567
2022-06-21,184.1927917154106
2022-06-22,183.95305147720165
2022-06-23,185.70653195696406
2022-06-24,191.3823352139721
2022-06-27,190.81334184107982
2022-06-28,186.96978181261343
2022-06-29,186.83670692875683
2022-06-30,185.20015222209133
2022-07-01,187.15472018679452
2022-07-05,187.4511973156164
2022-07-06,188.12099124006295
2022-07-07,190.93614436158336
2022-07-08,190.77761551690654
2022-07-11,188.57843391370594
2022-07-12,186.8352377419052
2022-07-13,186.00253130144392
2022-07-14,185.44477780519728
2022-07-15,189.0055492262402
2022-07-18,187.4247877861122
2022-07-19,192.603014484749
2022-07-20,193.73856453038934
2022-07-21,195.64909272336834
2022-07-22,193.82320402657533
2022-07-25,194.07811391764287
2022-07-26,191.8378309164214
2022-07-27,196.85559374379625
2022-07-28,199.24410933712437
2022-07-29,202.07492184045392
2022-08-01,201.50444733610144
2022-08-02,200.16194500272215
2022-08-03,203.29217300857695
2022-08-04,203.1341458374592
2022-08-05,202.80390130026618
2022-08-08,202.55292118541158
2022-08-09,201.6923360285944
2022-08-10,205.98649447000454
2022-08-11,205.8411763623841
2022-08-12,209.406833128324
2022-08-15,210.23808232654213
2022-08-16,210.63242163321493
2022-08-17,209.1079073547493
2022-08-18,209.58249054166168
2022-08-19,206.87887617478208
2022-08-22,202.45165479412393
2022-08-23,201.99859579181884
2022-08-24,202.58765610707533
2022-08-25,205.44244143976496
2022-08-26,198.52148440906086
2022-08-29,197.19806956014463
2022-08-30,195.02333857064608
2022-08-31,193.498836236789
2022-09-01,194.07860364659345
2022-09-02,191.9948786296381
2022-09-06,191.20864866104526
2022-09-07,194.71560962057
2022-09-08,196.0028203609709
2022-09-09,198.99606759597316
2022-09-12,201.10229625543693
2022-09-13,192.4073140182643
2022-09-14,193.05899991614882
2022-09-15,190.87400850790576
2022-09-16,189.50312578461143
2022-09-19,190.80256780416764
2022-09-20,188.6518215886377
2022-09-21,185.42276389163942
2022-09-22,183.86009853346482
2022-09-23,180.6917075032925
2022-09-26,178.82326016623546
2022-09-27,178.44409051242124
2022-09-28,181.9544676299913
2022-09-29,178.11041787257435
2022-09-30,175.42688239266747
2022-10-03,179.9676133883772
2022-10-04,185.47168900826057
2022-10-05,185.09741664395193
2022-10-06,183.20107864593044
2022-10-07,178.07078566140515
2022-10-10,176.73659677557674
2022-10-11,175.58441983483465
2022-10-12,175.0066113408324
2022-10-13,179.55077043919601
2022-10-14,175.30212095636173
2022-10-17,179.9441302879677
2022-10-18,182.0004543729092
2022-10-19,180.786129633881
2022-10-20,179.34871544096268
2022-10-21,183.60373140015415
2022-10-24,185.78530665035188
2022-10-25,188.80741205961124
2022-10-26,187.41255650695686
2022-10-27,186.27259890076152
2022-10-28,190.85981831294825
2022-10-31,189.43707209932944
2022-11-01,188.66014698079712
2022-11-02,183.94326884279914
2022-11-03,181.99604681235425
2022-11-04,184.474600864933
2022-11-07,186.24813634245095
2022-11-08,187.29073344435446
2022-11-09,183.399227757168
2022-11-10,193.56586937997207
2022-11-11,195.3545625657401
2022-11-14,193.60891774918662
2022-11-15,195.29585481471642
2022-11-16,193.68426433992062
2022-11-17,193.0859111192122
2022-11-18,194.00472624271111
2022-11-21,193.2512722799797
2022-11-22,195.8756222245209
2022-11-23,197.03416564162018
2022-11-25,196.9783962642998
2022-11-28,193.9362239126763
2022-11-29,193.62750356009056
2022-11-30,199.61986283289323
2022-12-01,199.44666600891688
2022-12-02,199.2083949575596
2022-12-05,195.6437176495208
2022-12-06,192.8266056121982
2022-12-07,192.46749095613959
2022-12-08,193.91518945701955
2022-12-09,192.48999459864797
2022-12-12,195.23861625054434
2022-12-13,196.66184024850514
2022-12-14,195.47150028344552
2022-12-15,190.60002307698366
2022-12-16,188.4771675224182
2022-12-19,186.77945641997619
2022-12-20,186.9732099152673
2022-12-21,189.7531264415649
2022-12-22,187.01087126602573
2022-12-23,188.10827023195708
2022-12-27,187.34650282167482
2022-12-28,185.09447827024863
2022-12-29,188.3264743409502
2022-12-30,187.84798526704196
2023-01-03,187.0964902201128
2023-01-04,188.5070051545763
2023-01-05,186.31174138298013
2023-01-06,190.5672470711222
2023-01-09,190.4209614502092
2023-01-10,191.74976331758154
2023-01-11,194.21363744625216
2023-01-12,194.87705294973296
2023-01-13,195.65594892867603
2023-01-17,195.25867124829986
2023-01-18,192.2199389439388
2023-01-19,190.7516957163527
2023-01-20,194.36041279611572
2023-01-23,196.66967591171394
2023-01-24,196.5297448225496
2023-01-25,196.4940304429848
2023-01-26,198.65700793767004
2023-01-27,199.15262558023912
2023-01-30,196.56986676266936
2023-01-31,199.44813519576843
2023-02-01,201.53282772601636
2023-02-02,204.4952339817423
2023-02-03,202.37776544563292
2023-02-06,201.1350722612982
2023-02-07,203.7241856106166
2023-02-08,201.46677404073432
2023-02-09,199.6878634893688
2023-02-10,200.12623062315726
2023-02-13,202.41739765680214
2023-02-14,202.3606368769721
2023-02-15,202.92181847587264
2023-02-16,200.12378197840454
2023-02-17,199.56995825837086
2023-02-21,195.57032997458896
2023-02-22,195.26258907990433
2023-02-23,196.30322726600562
2023-02-24,194.23467190190885
2023-02-27,194.8315559357656
2023-02-28,194.2400469757564
2023-03-01,193.32221131015862
2023-03-02,194.7880178376005
2023-03-03,197.93340355170534
2023-03-06,198.06941680926528
2023-03-07,195.03362287860756
2023-03-08,195.3095552807233
2023-03-09,191.7042663036142
2023-03-10,188.928745393263
2023-03-13,188.64350814108676
2023-03-14,191.7517222333837
2023-03-15,190.4131257870003
2023-03-16,193.75716228590173
2023-03-17,191.6220635075724
2023-03-20,193.33102643126855
2023-03-21,195.84088730285708
2023-03-22,192.61671495075586
2023-03-23,193.19158507105476
2023-03-24,194.28114837377726
2023-03-27,194.60112054761714
2023-03-28,194.2948488397842
2023-03-29,197.06107684468338
2023-03-30,198.18733398487177
2023-03-31,201.04847384931
2023-04-03,201.79212128842173
2023-04-04,200.62233799467683
2023-04-05,200.1223127915528
2023-04-06,200.83858318786775
2023-04-10,201.03867927029896
2023-04-11,201.03036582274808
2023-04-12,200.1991285691385
2023-04-13,202.8543075483475
2023-04-14,202.43452622546297
2023-04-17,203.10380653174187
2023-04-18,203.27750502927734
2023-04-19,203.2603764606165
2023-04-20,202.05045928214327
2023-04-21,202.2329490115716
2023-04-24,202.4051663776469
2023-04-25,199.20496685490568
2023-04-26,198.4397832865781
2023-04-27,202.32248579726314
2023-04-28,203.99229429413208
2023-05-01,203.91353154535275
2023-05-02,201.55093575257834
2023-05-03,200.14042081811482
2023-05-04,198.6956606909382
2023-05-05,202.3665136243788
2023-05-08,202.4580093258725
2023-05-09,201.5308688102142
2023-05-10,202.43452622546303
2023-05-11,202.09107095121362
2023-05-12,201.7710987773737
2023-05-15,202.3679708666219
2023-05-16,201.07733202356712
2023-05-17,203.46830820625658
2023-05-18,205.39007627588123
2023-05-19,205.09310941810875
2023-05-22,205.12490596606915
2023-05-23,202.8229887847292
2023-05-24,201.3386083909919
2023-05-25,203.10184761593973
2023-05-26,205.7521412502517
2023-05-30,205.75555740829702
2023-05-31,204.4986740290048
2023-06-01,206.51389671592543
2023-06-02,209.5154573984786
2023-06-05,209.09567607559407
2023-06-06,209.58786561550923
2023-06-07,208.78891463881052
2023-06-08,210.0810346133255
2023-06-09,210.32222014916897
2023-06-12,212.28266486127882
2023-06-13,213.7543123023017
2023-06-14,213.9294680420803
2023-06-15,216.53473050215842
2023-06-16,215.7396973570642
2023-06-20,214.7181466554259
2023-06-21,213.5918895152375
2023-06-22,214.38448596018756
2023-06-23,212.74255617967452
2023-06-26,211.7880147320023
2023-06-27,214.2142275099145
2023-06-28,214.13837924562142
2023-06-29,215.09633685133895
2023-06-30,217.73535477517964
2023-07-03,217.99025272163868
2023-07-05,217.5611784933022
2023-07-06,215.83754759030654
2023-07-07,215.21915131645108
2023-07-10,215.7367589833608
2023-07-11,217.19130174493998
2023-07-12,218.80095719315068
2023-07-13,220.65423487734907
2023-07-14,220.4281951051471
2023-07-17,221.27803011426917
2023-07-18,222.8529267515991
2023-07-19,223.37839397093484
2023-07-20,221.86904934532782
2023-07-21,221.94095588879938
2023-07-24,222.83629985649736
2023-07-25,223.46351125146282
2023-07-26,223.42877632979915
2023-07-27,221.99332105268303
2023-07-28,224.18613617952641
2023-07-31,224.5154012588183
2023-08-01,223.91704803810987
2023-08-02,220.8181387958734
2023-08-03,220.2554999547298
2023-08-04,219.088129471912
2023-08-07,221.06520107912354
2023-08-08,220.1326854896177
2023-08-09,218.5832308684995
2023-08-10,218.63803273252734
2023-08-11,218.40415729711648
2023-08-14,219.6600851077247
2023-08-15,217.1228113595137
2023-08-16,215.48236271046085
2023-08-17,213.8203659875837
2023-08-18,213.78856943962333
2023-08-21,215.2592613119622
2023-08-22,214.66138587559578
2023-08-23,217.03229511592104
2023-08-24,214.11147998716652
2023-08-25,215.54987363798594
2023-08-28,216.90021163457408
2023-08-29,220.04706653553058
2023-08-30,220.890547012904
2023-08-31,220.5377988332026
2023-09-01,220.93457484001965
2023-09-05,220.00793599792044
2023-09-06,218.47412881400285
2023-09-07,217.77255028620453
2023-09-08,218.08322955459246
2023-09-11,219.54950192176784
2023-09-12,218.29897307422428
2023-09-13,218.57002013144302
2023-09-14,220.41254766794634
2023-09-15,217.73241640147623
2023-09-18,217.88946411469286
2023-09-19,217.42078156440425
2023-09-20,215.37815794546975
2023-09-21,211.84575496973332
2023-09-22,211.35944217722482
2023-09-25,212.2097549706889
2023-09-26,209.08294312287947
2023-09-27,209.13088878159957
2023-09-28,210.3633334917983
2023-09-29,209.7933367717878
2023-10-02,209.80998755610662
2023-10-03,206.92634404915998
2023-10-04,208.60446599357982
2023-10-05,208.33243947845997
2023-10-06,210.79386496237785
2023-10-09,212.12267877435872
2023-10-10,213.2274117299398
2023-10-11,214.1427987507848
2023-10-12,212.80516981769395
2023-10-13,211.73713069957873
2023-10-16,213.98035207450351
2023-10-17,213.95932956345538
2023-10-18,211.09231295161047
2023-10-19,209.30164890543165
2023-10-20,206.6675282710965
2023-10-23,206.31917570734157
2023-10-24,207.8182479695955
2023-10-25,204.8382114716496
2023-10-26,202.41445928309872
2023-10-27,201.44281315598275
2023-10-30,203.86214583937013
2023-10-31,205.18214453024103
2023-11-01,207.33778803527656
2023-11-02,211.24787953336696
2023-11-03,213.23228513022826
2023-11-06,213.6060797101949
2023-11-07,214.21274637845417
2023-11-08,214.42801211374393
2023-11-09,212.69461052095426
2023-11-10,216.01614337734736
2023-11-13,215.83558867450412
2023-11-14,219.95265634955055
2023-11-15,220.30392339779175
2023-11-16,220.5661792231176
2023-11-17,220.84895588593247
2023-11-20,222.48109108743446
2023-11-21,222.0314721323918
2023-11-22,222.93317063183844
2023-11-24,223.0662335710865
2023-11-27,222.63032702665936
2023-11-28,222.84853113565245
2023-11-29,222.6376610163091
2023-11-30,223.48013814656431
2023-12-01,224.79280284778548
2023-12-04,223.5770089219056
2023-12-05,223.44982273006417
2023-12-06,222.57698240487457
2023-12-07,224.35051788239252
2023-12-08,225.26934495049997
2023-12-11,226.15341320772663
2023-12-12,227.19357360948592
2023-12-13,230.29491955186657
2023-12-14,230.90452459382914
2023-12-15,230.88691824082628
2023-12-18,231.93245371643312
2023-12-19,233.29306407637432
2023-12-20,229.86732645499023
2023-12-21,232.2352973216122
2023-12-22,232.62082150717504
2023-12-26,233.6052005870054
2023-12-27,233.93936295580284
2023-12-28,234.02596136779098
2023-12-29,233.36449283550388
2024-01-02,232.04351468673187
2024-01-03,230.18338079722568
2024-01-04,229.39422439953807
2024-01-05,229.81302626452145
2024-01-08,233.05675194081923
2024-01-09,232.7123172086687
2024-01-10,234.0308586572965
2024-01-11,233.87381094407988
2024-01-12,234.04944446820048
2024-01-16,233.17612635866885
2024-01-17,231.86640003115104
2024-01-18,233.90804419218446
2024-01-19,236.7882715410857
2024-01-22,237.3078620130148
2024-01-23,238.0011270932623
2024-01-24,238.19436697038574
2024-01-25,239.44735640729058
2024-01-26,239.29128815197504
2024-01-29,241.0995585511567
2024-01-30,240.95474211709535
2024-01-31,237.07398657760396
2024-02-01,240.0359150489879
2024-02-02,242.6005658399957
2024-02-05,241.8275585530678
2024-02-06,242.386279562607
2024-02-07,244.38389589652476
2024-02-08,244.52333725673853
2024-02-09,245.9274737702363
2024-02-12,245.6941000083846
2024-02-13,242.3344160722825
2024-02-14,244.6559224116446
2024-02-15,246.0801258675065
2024-02-16,244.89808740538916
2024-02-20,243.4273955330503
2024-02-21,243.7351364277349
2024-02-22,248.88352549421353
2024-02-23,248.97012390620174
2024-02-26,248.02733595334283
2024-02-27,248.45055732348976
2024-02-28,248.03858777459703
2024-02-29,249.3356050386175
2024-03-01,251.33224191463418
2024-03-04,251.03233668315838
2024-03-05,248.4735387503401
2024-03-06,249.75096685633847
2024-03-07,252.32443276845626
2024-03-08,250.67712791409568
2024-03-11,250.39580849352382
2024-03-12,253.2006892516911
2024-03-13,252.71339700128146
2024-03-14,251.98783369951454
2024-03-15,250.35421736655238
2024-03-18,251.93597020919003
2024-03-19,253.35919420715084
2024-03-20,255.61514853479
2024-03-21,256.4424560121866
2024-03-22,256.0828755163946
2024-03-25,255.30055143479763
2024-03-26,254.5857621699429
2024-03-27,256.7829968019498
2024-03-28,257.06969129636923
2024-04-01,256.5520597402423
2024-04-02,254.6948642244395
2024-04-03,254.972767486966
2024-04-04,251.8278476125946
2024-04-05,254.6229337917508
2024-04-08,254.52754414786978
2024-04-09,254.89546198042973
2024-04-10,252.48492052893522
2024-04-11,254.36461968724643
2024-04-12,250.6634393926972
2024-04-15,247.65012521533075
2024-04-16,247.1408309959718
2024-04-17,245.71220803494634
2024-04-18,245.16963613616687
2024-04-19,243.02230607868225
2024-04-22,245.14419411995516
2024-04-23,248.07724052786497
2024-04-24,248.1300834760906
2024-04-25,246.99453343045025
2024-04-26,249.51613585224354
2024-04-29,250.30921008153558
2024-04-30,246.37171765143125
2024-05-01,245.5253226895716
2024-05-02,247.76658514869413
2024-05-03,250.87772567008585
2024-05-06,253.46832015086446
2024-05-07,253.80883705141056
2024-05-08,253.80735591995034
2024-05-09,255.09947589446531
2024-05-10,255.5202366752509
2024-05-13,255.4585786059153
2024-05-14,256.69443947415937
2024-05-15,259.70185301490204
2024-05-16,259.1612400319248
2024-05-17,259.4631041792028
2024-05-20,259.70087355700093
2024-05-21,260.35061248369186
2024-05-22,259.6460716929731
2024-05-23,257.729678697196
2024-05-24,259.5340551539903
2024-05-28,259.5986277078121
2024-05-29,257.6861525436394
2024-05-30,256.1464686123152
2024-05-31,258.20278075264815
2024-06-03,258.4909563785277
2024-06-04,258.87941893779384
2024-06-05,261.9465316320699
2024-06-06,261.8941903574034
2024-06-07,261.6021207891365
2024-06-10,262.27727784282206
2024-06-11,262.98814927607236
2024-06-12,265.22451444568935
2024-06-13,265.84637465602435
2024-06-14,265.7416682174742
2024-06-17,267.77841508900207
2024-06-18,268.45357214268756
2024-06-20,267.77547671529874
2024-06-21,267.3571765238745
2024-06-24,266.53768082046963
2024-06-25,267.5861307805627
2024-06-26,268.0068915613483
2024-06-27,268.2500599022111
2024-06-28,267.154619852082
2024-07-01,267.8694091169367
2024-07-02,269.52894525045264
2024-07-03,270.8993501894049
2024-07-05,272.37541713559136
2024-07-08,272.65234094021673
2024-07-09,272.8543959384501
2024-07-10,275.63971142781236
2024-07-11,273.22427268681236
2024-07-12,274.7316583966171
2024-07-15,275.5081057308074
2024-07-16,277.268430471269
2024-07-17,273.40676241624067
2024-07-18,271.26970472210917
2024-07-19,269.33276699962585
2024-07-22,272.23941582263996
2024-07-23,271.815238883809
2024-07-24,265.522962434922
2024-07-25,264.15747867469236
2024-07-26,267.08710892455684
2024-07-29,267.3043335756488
2024-07-30,265.97845813737126
2024-07-31,270.1791619614855
2024-08-01,266.4794627983964
2024-08-02,261.58107438887123
2024-08-05,253.74180390822735
2024-08-06,256.36906833725476
2024-08-07,254.38614387185362
2024-08-08,260.2478649609439
2024-08-09,261.4636588868238
2024-08-12,261.47491070807797
2024-08-13,265.8801301197868
2024-08-14,266.89678353191954
2024-08-15,271.20269546814296
2024-08-16,271.74232899321913
2024-08-19,274.38428529076316
2024-08-20,273.8397544761815
2024-08-21,275.00074653803347
2024-08-22,272.54421834362114
2024-08-23,275.6739446759168
2024-08-26,274.8045443979897
2024-08-27,275.24291153177813
2024-08-28,273.59806726677886
2024-08-29,273.5872932298667
2024-08-30,276.34862394526033
2024-09-03,270.5035536404889
2024-09-04,270.0700599069889
2024-09-05,269.25498370874755
2024-09-06,264.60757541407696
2024-09-09,267.67174973464967
2024-09-10,268.8689578496256
2024-09-11,271.7364522458125
2024-09-12,273.7731991173403
2024-09-13,275.2536855686903
2024-09-16,275.59957754308385
2024-09-17,275.67248743367367
2024-09-18,274.87401424131696
2024-09-19,279.5405100204506
2024-09-20,278.99791423245404
2024-09-23,279.7816955562941
2024-09-24,280.48427743121056
2024-09-25,279.9622263699202
2024-09-26,281.0929030152721
2024-09-27,280.74063261991273
2024-09-30,281.93000507167983
2024-10-01,279.3012595111922
2024-10-02,279.33991226446034
2024-10-03,278.87022636705353
2024-10-04,281.3717618464826
2024-10-07,278.67452590056877
2024-10-08,281.37470022018596
2024-10-09,283.37623438570813
2024-10-10,282.7896107705959
2024-10-11,284.5010103944363
2024-10-14,286.69384941049685
2024-10-15,284.51226221569055
2024-10-16,285.8435366170327
2024-10-17,285.7946115004116
2024-10-18,286.92965987249283
2024-10-21,286.40665324251836
2024-10-22,286.27065192956695
2024-10-23,283.6394457797181
2024-10-24,284.24807136377956
2024-10-25,284.1629540832516
2024-10-28,284.9163961013744
2024-10-29,285.37628741977016
2024-10-30,284.4344789248123
2024-10-31,279.13981618202916
2024-11-01,280.2821985437602
2024-11-04,279.4940216039737
2024-11-05,282.92219592550197
2024-11-06,290.0789753628105
2024-11-07,292.234618867846
2024-11-08,293.33249561811937
2024-11-11,293.6167534123945
2024-11-12,292.7674200768315
2024-11-13,292.8354087886986
2024-11-14,291.06383222698287
2024-11-15,287.2207738720756
2024-11-18,288.3460515543629
2024-11-19,289.48893558965295
2024-11-20,289.4952901214016
2024-11-21,291.04132858447446
2024-11-22,292.0506480069574
2024-11-25,292.93278123759893
2024-11-26,294.60894426621655
2024-11-27,293.4890655469939
2024-11-29,295.13488926989424
2024-12-02,295.85751419795787
2024-12-03,295.99107881076503
2024-12-04,297.78224453050296
2024-12-05,297.22545854754884
2024-12-06,297.96717096007546
2024-12-09,296.13639691838546
2024-12-10,295.2586831929074
2024-12-11,297.6697024287439
2024-12-12,296.05811195394807
2024-12-13,296.0502762907392
2024-12-16,297.1750761886845
2024-12-17,296.0267931903297
2024-12-18,287.2961204628095
2024-12-19,287.0475770480991
2024-12-20,290.16753269060075
2024-12-23,292.2820628530069
2024-12-24,295.50966330776197
2024-12-26,295.3897872163532
2024-12-27,292.12403568188915
2024-12-30,288.9977255076388
2024-12-31,287.75942793925054
2025-01-02,287.1194835915707
2025-01-03,290.7360482791511
2025-01-06,292.3461576224867
2025-01-07,289.0999713568276
2025-01-08,289.5510714433305
2025-01-10,285.08861346744953
2025-01-13,285.53775463815015
2025-01-14,285.86506080163986
2025-01-15,291.10004828010665
2025-01-16,290.4850442750794
2025-01-17,293.38729748214706
2025-01-21,295.95978393636375
2025-01-22,297.77636778309625
2025-01-23,299.35859841007584
2025-01-24,298.5038900006653
2025-01-27,294.1514896479649
2025-01-28,296.86293967805335
2025-01-29,295.47394892819716
2025-01-30,297.0326964547673
2025-01-31,295.53362419251334
2025-02-03,293.28502774374107
2025-02-04,295.4039774113106
2025-02-05,296.558614941414
2025-02-06,297.63936312302656
2025-02-07,294.8222749749211
2025-02-10,296.8012816087178
2025-02-11,296.90207021566346
2025-02-12,296.0933485491708
2025-02-13,299.1805042965939
2025-02-14,299.15898011198664
2025-02-18,299.8904201611602
2025-02-19,300.6032505102128
2025-02-20,299.3003803880027
2025-02-21,294.19308077493633
2025-02-24,292.73120402370745
2025-02-25,291.36130075831426
2025-02-26,291.40093296948345
2025-02-27,286.77798723312344
2025-02-28,291.3246069208484
2025-03-03,286.1982437125361
2025-03-04,282.6966578268589
2025-03-05,285.85134839102426
2025-03-06,280.75776118857345
2025-03-07,282.3077174832508
2025-03-10,274.6930056433487
2025-03-11,272.6141659712904
2025-03-12,273.9463959413166
2025-03-13,270.1410108817763
2025-03-14,275.8857942531612
2025-03-17,277.65591357263384
2025-03-18,274.69790293285433
2025-03-19,277.6642270201847
2025-03-20,277.0575603519254
2025-03-21,277.2860368242716
2025-03-24,282.17902627073215
2025-03-25,282.6232701519273
2025-03-26,279.47006071922215
2025-03-27,278.5458585772672
2025-03-28,273.0481374891325
2025-03-31,274.5604204884428
2025-04-01,275.59859808518274
2025-04-02,277.4528791164994
2025-04-03,264.0253713041282
2025-04-04,248.24995956749922
2025-04-07,247.67117161559585
2025-04-08,243.78260430211273
2025-04-09,266.9794641123032
2025-04-10,257.73995106054895
2025-04-11,262.40300679242023
2025-04-14,264.4877232118852
2025-04-15,264.03074637797573
2025-04-16,258.1142473140747
2025-04-17,258.4567231304231
2025-04-21,252.3655461110855
2025-04-22,258.70426319801527
2025-04-23,263.01457075018504
2025-04-24,268.34301284594784
2025-04-25,270.3215416954025
2025-04-28,270.4947385193789
2025-04-29,272.06426008286127
2025-04-30,272.466912837085
2025-05-01,274.1832097504309
2025-05-02,278.2209891139218
2025-05-05,276.44549472060163
2025-05-06,274.31873327904026
2025-05-07,275.51102021529357
2025-05-08,277.1089221686909
2025-05-09,276.9117644599631
2025-05-12,285.9276744396596
2025-05-13,288.0001356907522
2025-05-14,288.29516752193956
2025-05-15,289.48649888950877
2025-05-16,291.5144306399266
2025-05-19,291.7698302599447
2025-05-20,290.6376963723497
2025-05-21,285.9482191663656
2025-05-22,285.82100908530714
2025-05-23,283.90363663162896
2025-05-27,289.7120369881516
2025-05-28,288.0979859239945
2025-05-29,289.253602911999
2025-05-30,289.23011981158953
2025-06-02,290.4165538896533
2025-06-03,292.1010542550389
2025-06-04,292.1225784396462
2025-06-05,290.5809355925197
2025-06-06,293.5683060801154
2025-06-09,293.838373679433
2025-06-10,295.4494863698868
2025-06-11,294.6388057875919
2025-06-12,295.76503903856315
2025-06-13,292.42396480258213
2025-06-16,295.17060364945917
2025-06-17,292.70528422315397
2025-06-18,292.6147679795614
2025-06-20,291.97726033202576
2025-06-23,294.782141090193
2025-06-24,298.0606255773715
2025-06-25,298.0596461194705
2025-06-26,300.4501206286008
2025-06-27,302.01816106062296
2025-06-30,303.5779119343113
2025-07-01,303.23835060244926
2025-07-02,304.67724592682777
2025-07-03,307.2179358330841
2025-07-07,304.802497092084
2025-07-08,304.5842929830909
2025-07-09,306.43071446198155
2025-07-10,307.2722360235528
2025-07-11,306.25899876946545
2025-07-14,306.6900319136042
2025-07-15,305.4766746878685
2025-07-16,306.452262535806
2025-07-17,308.09906571660747
2025-07-18,308.0711870002516
2025-07-21,308.50222014439026
2025-07-22,308.69890006877614
2025-07-23,311.1104209781717
2025-07-24,311.3276456292637
2025-07-25,312.56496373975085
2025-07-28,312.6202433881207
2025-07-29,311.6950617882646
2025-07-30,311.3056197710974
2025-07-31,310.1554017461575
2025-08-01,305.1953552672967
2025-08-04,309.69304983840044
2025-08-05,308.188602502299
2025-08-06,310.43280333512485
2025-08-07,310.18523937831554
2025-08-08,312.60459595092004
2025-08-11,311.8217940849811
2025-08-12,315.359548245348
2025-08-13,316.3781844625
2025-08-14,316.47407577994016
2025-08-15,315.55720762763497
2025-08-18,315.5254110796746
2025-08-19,313.6770306849818
2025-08-20,312.9142718721899
2025-08-21,311.6613063245021
2025-08-22,316.39433357325976
2025-08-25,315.0444733610136
2025-08-26,316.3468656988817
2025-08-27,317.1032460907079
2025-08-28,318.10425206564
2025-08-29,316.0689624363553
2025-09-02,313.88104459901746
2025-09-03,315.4818610369011
2025-09-04,318.11502610255224
2025-09-05,317.1081433802135
2025-09-08,317.77596644424926
2025-09-09,318.6301970693178
2025-09-10,319.58082068538556
2025-09-11,322.29274849981596
2025-09-12,322.13715802884246
2025-09-15,323.65333497054013
2025-09-16,323.2364920213589
2025-09-17,322.92289826848474
2025-09-18,324.46941451589964
2025-09-19,326.0545835165826
2025-09-22,327.4924993830601
2025-09-23,325.6905835156271
2025-09-24,324.7634668891859
2025-09-25,323.13670676153146
2025-09-26,325.0438068518566
2025-09-29,325.9004741770693
2025-09-30,327.23368360499666
2025-10-01,328.3462522237866
2025-10-02,328.5492866799212
2025-10-03,328.57081086452837
2025-10-06,329.7689745481883
2025-10-07,328.51209116889606
2025-10-08,330.42654913808803
2025-10-09,329.51603551753146
2025-10-10,320.5823044446596
2025-10-13,325.5829625925907
2025-10-14,325.07364448401466
2025-10-15,326.3823913536314
2025-10-16,324.3280142398836
2025-10-17,326.0374549479218
2025-10-20,329.5170149754326
2025-10-21,329.52778901234467
2025-10-22,327.76892151412625
2025-10-23,329.6789599781547
2025-10-24,332.28422243823286
2025-10-27,336.3680124338587
2025-10-28,337.1376035627412
2025-10-29,337.1229116942246
2025-10-30,333.7837724848287
2025-10-31,334.6575922679194
2025-11-03,335.23344184611943
2025-11-04,331.2988639005013
2025-11-05,332.5092827525337
2025-11-06,328.7924311315667
2025-11-07,329.2073151649456
2025-11-10,334.27744315620413
2025-11-11,334.9711860207936
2025-11-12,335.182056140137
2025-11-13,329.6324954508949
2025-11-14,329.4671104009103
2025-11-17,326.44844503891346
2025-11-18,323.7531441195847
2025-11-19,324.9684602611226
2025-11-20,319.9095840911183
2025-11-21,323.05206726534544
2025-11-24,328.048783692455
2025-11-25,331.021462311534
2025-11-26,333.3077320556733
2025-11-28,335.09251935444547
2025-12-01,333.30871151357445
2025-12-02,334.12772943263735
2025-12-03,335.12336033372185
2025-12-04,335.48540141887526
2025-12-05,336.135116456349
2025-12-08,334.96628873128816
2025-12-09,334.67273803156104
2025-12-10,336.9316307329035
2025-12-11,337.63222980280074
2025-12-12,334.03183811519716
2025-12-15,333.49853523265256
2025-12-16,332.7035020875583
2025-12-17,328.8467552112526
2025-12-18,331.45591161371806
2025-12-19,334.3787095474919
2025-12-22,336.53093689448207
2025-12-23,338.06228348903835
2025-12-24,339.1513451182017
2025-12-26,339.0481198111118
2025-12-29,337.8641463224094
2025-12-30,337.3993577145081
2025-12-31,334.91688583032493
